<?xml version="1.0" encoding="UTF-8"?>
<!DOCTYPE mapper   
    PUBLIC "-//mybatis.org//DTD Mapper 3.0//EN"   
    "http://mybatis.org/dtd/mybatis-3-mapper.dtd">
<mapper namespace="com.xinleju.platform.flow.entity.CalendarDetail">
	<!-- 新增 -->
	<insert id="save">
		${value}
	</insert>
	<!-- 修改根据Id -->
	<update id="update">
		${value}
	</update>
	<!-- 伪删除根据Id -->
	<update id="deletePseudoObjectById">
		${value}
	</update>
	<!-- 批量伪删除根据Id -->
	<update id="deletePseudoAllObjectByIds">
		${value}
	</update>
	<!-- 删除根据Id -->
	<delete id="deleteById">
		${value}
	</delete>
	<!-- 批量删除根据Id -->
	<delete id="deleteBatchByIds">
		${value}
	</delete>
	<!-- 获取单个对象，根据Id-->
	<select id="get" resultType="com.xinleju.platform.flow.entity.CalendarDetail">
		${value}
	</select>
	<!-- 获取列表根据Map查询 -->
	<select id="queryList" resultType="com.xinleju.platform.flow.entity.CalendarDetail">
		${value}
	</select>
	<!-- 获取分页根据Map查询 -->
	<select id="queryPageList" resultType="com.xinleju.platform.flow.entity.CalendarDetail">
		${value}
	</select>
	<!-- 获取总记录数 -->
	<select id="queryCount" resultType="java.lang.Integer">
		${value}
	</select>
	
	<!-- 根据agentId进行批量删除数据-->
	<update id="deleteByParamMap" parameterType="java.util.HashMap">
		update pt_flow_calendar_detail set delflag=1, create_date=now() 
		where year=#{year} and month=#{month} and day=#{day} and delflag=0
	</update>
	<delete id="deleteDataForInitAction" parameterType="java.util.HashMap">
	    delete from pt_flow_calendar_detail where year &gt;= #{startYear} and year &lt;= #{endYear};
	</delete>
	
	  
	<update id="setYearAsHolidayByParamMap" parameterType="java.util.HashMap">
		update pt_flow_calendar_detail set day_type=2 where year=#{year}
	</update>
	
	<update id="updateWorkDayByParamMap" parameterType="java.util.HashMap">
		update pt_flow_calendar_detail set day_type=1 where year=#{year} 
		<if test="workDay != null and workDay != '-1'">
			AND week_day in 
			<foreach item="item" index="index" collection="workDay" open="(" separator="," close=")">  
	            #{item} 
	        </foreach>
		</if>
	</update>
	
	
	<update id="updateDetailInfo" parameterType="java.util.HashMap">
		update pt_flow_calendar_detail set day_type=#{dayType}
		where year=#{year} and month=#{month} and day=#{day}
	</update>
	
</mapper>