<?xml version="1.0" encoding="UTF-8"?>
<!DOCTYPE mapper   
    PUBLIC "-//mybatis.org//DTD Mapper 3.0//EN"   
    "http://mybatis.org/dtd/mybatis-3-mapper.dtd">
<mapper namespace="com.xinleju.platform.flow.entity.InstanceAc">
	<!-- 新增 -->
	<insert id="save">
		${value}
	</insert>
	<!-- 修改根据Id -->
	<update id="update">
		${value}
	</update>
	<!-- 伪删除根据Id -->
	<update id="deletePseudoObjectById">
		${value}
	</update>
	<!-- 批量伪删除根据Id -->
	<update id="deletePseudoAllObjectByIds">
		${value}
	</update>
	<!-- 删除根据Id -->
	<delete id="deleteById">
		${value}
	</delete>
	<!-- 批量删除根据Id -->
	<delete id="deleteBatchByIds">
		${value}
	</delete>
	<!-- 获取单个对象，根据Id-->
	<select id="get" resultType="com.xinleju.platform.flow.entity.InstanceAc">
		${value}
	</select>
	<!-- 获取列表根据Map查询 -->
	<select id="queryList" resultType="com.xinleju.platform.flow.entity.InstanceAc">
		${value}
	</select>
	<!-- 获取分页根据Map查询 -->
	<select id="queryPageList" resultType="com.xinleju.platform.flow.entity.InstanceAc">
		${value}
	</select>
	<!-- 获取总记录数 -->
	<select id="queryCount" resultType="java.lang.Integer">
		${value}
	</select>
	
	<update id="setStatus" parameterType="java.util.HashMap">
		UPDATE pt_flow_instance_ac ac SET ac.`status` = #{status} WHERE ac.id = #{currentAcId}
	</update>
	
	<update id="sync" parameterType="java.util.HashMap">
		UPDATE pt_flow_instance_ac SET 
			status = #{status},
			activate_date = #{activateDate},
			end_date = #{endDate},
			px = #{px},
			left_post = #{leftPost},
			pre_ac_ids = #{preAcIds},
			next_ac_ids = #{nextAcIds}
		WHERE id = #{acId}
	</update>	
	
	
	<!-- 校验流程重复 -->
	<select id="checkCode" parameterType="map" resultType="int">
		SELECT COUNT(*) from pt_flow_instance_ac a
			WHERE a.fi_id=#{fiId}
				and a.`code`=#{code}
				and a.id !=#{id}
	</select>
</mapper>