<?xml version="1.0" encoding="UTF-8"?>
<beans xmlns="http://www.springframework.org/schema/beans"
	xmlns:xsi="http://www.w3.org/2001/XMLSchema-instance" 
	xmlns:dubbo="http://code.alibabatech.com/schema/dubbo"
	xmlns:util="http://www.springframework.org/schema/util"
	xsi:schemaLocation="http://www.springframework.org/schema/beans 
	    http://www.springframework.org/schema/beans/spring-beans.xsd
        http://www.springframework.org/schema/util 
        http://www.springframework.org/schema/util/spring-util-4.3.xsd
        http://code.alibabatech.com/schema/dubbo          
        http://code.alibabatech.com/schema/dubbo/dubbo.xsd
        ">

		
		<!-- 获取主题信息 -->
		<dubbo:reference id="tendTopicDtoServiceCustomer"   check="false"  interface="com.xinleju.tend.server.dto.service.TendTopicDtoServiceCustomer" />
		<dubbo:reference id="taskInfoDtoServiceCustomer" interface="com.xinleju.platform.univ.task.dto.service.TaskInfoDtoServiceCustomer" />
		
		<!-- 计划 -->
		<dubbo:reference id="iPlBaseTaskJobService" interface="com.xinleju.erp.com.service.pl.IPlBaseTaskJobService" async="true" retries="0"/>
	    <!-- 质量 -->
	    <dubbo:reference id="iQuBaseTaskJobService" interface="com.xinleju.erp.com.service.qu.IQuBaseTaskJobService" async="true" retries="0"/>
	    <!-- 费用 -->
	    <dubbo:reference id="iExBaseTaskJobService" interface="com.xinleju.erp.com.service.ex.IExBaseTaskJobService" async="true" retries="0"/>
	    <!-- 销售 -->
	    <dubbo:reference id="iSaBaseTaskJobService" interface="com.xinleju.erp.com.service.sa.ISaBaseTaskJobService" async="true" retries="0"/>
	    
	    <!-- 土投 -->
	    <dubbo:reference id="iLiBaseTaskJobService" interface="com.xinleju.erp.com.service.li.ILiBaseTaskJobService" async="true" retries="0"/>
	    <!-- 资金 -->
	    <dubbo:reference id="iFmBaseTaskJobService" interface="com.xinleju.erp.com.service.fm.IFmBaseTaskJobService" async="true" retries="0"/>
	    
	    <!-- 成本 -->
	    <dubbo:reference id="iCoBaseTaskJobService" interface="com.xinleju.erp.com.service.co.ICoBaseTaskJobService" async="true" retries="0" />
	    
	    <!-- 流程逾期扫描 -->
	    <dubbo:reference id="instanceDtoServiceCustomer" interface="com.xinleju.platform.flow.dto.service.InstanceDtoServiceCustomer" async="true" retries="0" />

		<!-- 会议结束自动扫描 -->
	    <dubbo:reference id="meetingDtoServiceCustomer" interface="com.xinleju.cloud.oa.meeting.dto.service.MeetingDtoServiceCustomer" async="true" retries="0" />
		
	    <!-- 问卷调查待阅 -->
	    <dubbo:reference id="serveyDtoServiceCustomer" interface="com.xinleju.cloud.oa.servey.dto.service.ServeyDtoServiceCustomer" async="true" retries="0" />
	    
	    <!-- hr -->
	    <dubbo:reference id="sysTimeTaskDtoServiceCustomer" interface="com.xinleju.cloud.hr.sys.dto.service.SysTimeTaskDtoServiceCustomer" async="true" retries="0" />
	    
	    <!-- 微信定时任务 -->
	    <dubbo:reference id="sysNoticeMsgDtoServiceCustomer" interface="com.xinleju.platform.flow.dto.service.SysNoticeMsgDtoServiceCustomer" async="true" retries="0" />
	    
	    <!-- 供方档案同步到NC -->
	    <dubbo:reference id="baseSupplierTaskServiceCustomer" interface="com.xinleju.platform.sys.base.dto.service.BaseSupplierTaskServiceCustomer" async="true" retries="0" />
	    
	    <!-- 合同同步到NC -->
	    <dubbo:reference id="assMappingTaskServiceCustomer" interface="com.xinleju.platform.finance.dto.service.AssMappingTaskServiceCustomer" async="true" retries="0" />
	    <!--销售-->
	    <dubbo:reference id="saBaseTaskJobServiceCustomer" interface="com.xinleju.platform.sa.dto.service.SaBaseTaskJobServiceCustomer" async="true" retries="0" />

	<!-- 定时清除置顶过期文档-->
	<dubbo:reference id="contentRowTypeDtoServiceCustomer" interface="com.xinleju.cloud.oa.content.dto.service.ContentRowTypeDtoServiceCustomer" async="true" retries="0" />

	    
	    


	    
	    

</beans>  