<?xml version="1.0" encoding="UTF-8"?>
<beans xmlns="http://www.springframework.org/schema/beans"
	xmlns:xsi="http://www.w3.org/2001/XMLSchema-instance" 
	xmlns:dubbo="http://code.alibabatech.com/schema/dubbo"
	xmlns:util="http://www.springframework.org/schema/util"
	xsi:schemaLocation="http://www.springframework.org/schema/beans 
	    http://www.springframework.org/schema/beans/spring-beans.xsd
        http://www.springframework.org/schema/util 
        http://www.springframework.org/schema/util/spring-util-4.3.xsd
        http://code.alibabatech.com/schema/dubbo          
        http://code.alibabatech.com/schema/dubbo/dubbo.xsd
        ">

    <!-- 提供方应用信息，用于计算依赖关系 -->
    <dubbo:application name="platform-universally"/>

    <dubbo:registry protocol="zookeeper" address="#{configuration['zookeeper']}"/>
    
    <!-- 用dubbo协议在20880端口暴露服务 -->
    <dubbo:protocol name="dubbo" port="#{configuration['dubbo.port']}" />
    
    <!-- attachment:附件分类服务提供者 -->
	<dubbo:service interface="com.xinleju.platform.univ.attachment.dto.service.AttachmentCategoryDtoServiceCustomer"  ref="attachmentCategoryDtoServiceProducer" retries="0" timeout="50000" />
	<bean id="attachmentCategoryDtoServiceProducer" class="com.xinleju.platform.univ.attachment.dto.service.impl.AttachmentCategoryDtoServiceProducer"></bean>
	
	<!-- attachment:附件信息服务提供者 -->
	<dubbo:service interface="com.xinleju.platform.univ.attachment.dto.service.AttachmentDtoServiceCustomer"  ref="attachmentDtoServiceProducer" retries="0" timeout="50000" />
	<bean id="attachmentDtoServiceProducer" class="com.xinleju.platform.univ.attachment.dto.service.impl.AttachmentDtoServiceProducer"></bean>
	
	<!-- attachment:附件临时信息服务提供者 -->
    <dubbo:service interface="com.xinleju.platform.univ.attachment.dto.service.AttachmentTempDtoServiceCustomer"  ref="attachmentTempDtoServiceProducer" retries="0" timeout="50000" />
    <bean id="attachmentTempDtoServiceProducer" class="com.xinleju.platform.univ.attachment.dto.service.impl.AttachmentTempDtoServiceProducer"></bean>

    <!-- search:索引信息服务提供者 -->
    <dubbo:service interface="com.xinleju.platform.univ.search.dto.service.SearchIndexDtoServiceCustomer"  ref="searchIndexDtoServiceProducer" retries="0" timeout="50000" />
    <bean id="searchIndexDtoServiceProducer" class="com.xinleju.platform.univ.search.dto.service.impl.SearchIndexDtoServiceProducer"></bean>

    <!-- search:属性表信息服务提供者 -->
    <dubbo:service interface="com.xinleju.platform.univ.search.dto.service.SearchPropertyDtoServiceCustomer"  ref="searchPropertyDtoServiceProducer" retries="0" timeout="50000" />
    <bean id="searchPropertyDtoServiceProducer" class="com.xinleju.platform.univ.search.dto.service.impl.SearchPropertyDtoServiceProducer"></bean>

    <!-- search:检索分类信息服务提供者 -->
    <dubbo:service interface="com.xinleju.platform.univ.search.dto.service.SearchCategoryDtoServiceCustomer"  ref="searchCategoryDtoServiceProducer" retries="0" timeout="50000" />
    <bean id="searchCategoryDtoServiceProducer" class="com.xinleju.platform.univ.search.dto.service.impl.SearchCategoryDtoServiceProducer"></bean>
	
	<!-- search:分类属性信息服务提供者 -->
    <dubbo:service interface="com.xinleju.platform.univ.search.dto.service.SearchCategoryPropertyDtoServiceCustomer"  ref="searchCategoryPropertyDtoServiceProducer" retries="0" timeout="50000" />
    <bean id="searchCategoryPropertyDtoServiceProducer" class="com.xinleju.platform.univ.search.dto.service.impl.SearchCategoryPropertyDtoServiceProducer"></bean>
    
    
	<!-- 消息主题topic管理-->
	<dubbo:service interface="com.xinleju.platform.univ.mq.dto.service.TopicDtoServiceCustomer" ref="topicDtoServiceProducer" />
	<bean id="topicDtoServiceProducer" class="com.xinleju.platform.univ.mq.dto.service.impl.TopicDtoServiceProducer"></bean>

	<!-- 消息管理-->
	<dubbo:service interface="com.xinleju.platform.univ.mq.dto.service.MessageDtoServiceCustomer" ref="messageDtoServiceProducer" />
	<bean id="messageDtoServiceProducer" class="com.xinleju.platform.univ.mq.dto.service.impl.MessageDtoServiceProducer"></bean>


	<!-- 历史消息管理-->
	<dubbo:service interface="com.xinleju.platform.univ.mq.dto.service.MessageHistoryDtoServiceCustomer" ref="messageHistoryDtoServiceProducer" />
	<bean id="messageHistoryDtoServiceProducer" class="com.xinleju.platform.univ.mq.dto.service.impl.MessageHistoryDtoServiceProducer"></bean>

	<!-- 异常消息管理-->
	<dubbo:service interface="com.xinleju.platform.univ.mq.dto.service.MessageExceptionDtoServiceCustomer" ref="messageExceptionDtoServiceProducer" />
	<bean id="messageExceptionDtoServiceProducer" class="com.xinleju.platform.univ.mq.dto.service.impl.MessageExceptionDtoServiceProducer"></bean>


	<!-- 消费消息服务-->
	<!-- <dubbo:service interface="com.xinleju.platform.univ.mq.plugins.interfaces.ConsumerMsgInterface" ref="DemoRabbitMsgProducer"  retries="0" timeout="50000"/>
	<bean id="DemoRabbitMsgProducer" class="com.xinleju.platform.univ.mq.consumer.DemoRabbitMsgConsumer"></bean> -->
	
	<dubbo:service interface="com.xinleju.platform.univ.mq.service.MessageConsumer" ref="DemoRabbitMsgConsumer"  retries="0" timeout="50000"/>
	<bean id="DemoRabbitMsgConsumer" class="com.xinleju.platform.univ.mq.comsumers.DemoRabbitMsgConsumer"></bean> 
	
	<dubbo:service interface="com.xinleju.platform.univ.mq.service.MessageConsumer" ref="DemoRabbitMsgConsumer2"  retries="0" timeout="50000"/>
	<bean id="DemoRabbitMsgConsumer2" class="com.xinleju.platform.univ.mq.comsumers.DemoRabbitMsgConsumer2"></bean>
	
 
	<!-- 声明消息的生产者-->
	<dubbo:service interface="com.xinleju.platform.univ.mq.service.MessageSender" ref="messageSender" />
	<bean id="messageSender" class="com.xinleju.platform.univ.mq.MessageSenderImpl"></bean>
    
	<!-- 调度管理之任务定义服务提供者 -->
	<dubbo:service interface="com.xinleju.platform.univ.task.dto.service.TaskInfoDtoServiceCustomer"  ref="taskInfoDtoServiceProducer" retries="0" timeout="50000" />
	<bean id="taskInfoDtoServiceProducer" class="com.xinleju.platform.univ.task.dto.service.impl.TaskInfoDtoServiceProducer"></bean>
	
	<!-- 调度管理之任务日志服务提供者 -->
	<dubbo:service interface="com.xinleju.platform.univ.task.dto.service.TaskLogDtoServiceCustomer"  ref="taskLogDtoServiceProducer" retries="0" timeout="50000" />
	<bean id="taskLogDtoServiceProducer" class="com.xinleju.platform.univ.task.dto.service.impl.TaskLogDtoServiceProducer"></bean>
	
	<!-- 调度管理之任务参数服务提供者 -->
	<dubbo:service interface="com.xinleju.platform.univ.task.dto.service.TaskParametersDtoServiceCustomer"  ref="taskParametersDtoServiceProducer" retries="0" timeout="50000" />
    <bean id="taskParametersDtoServiceProducer" class="com.xinleju.platform.univ.task.dto.service.impl.TaskParametersDtoServiceProducer"></bean>
	
    
    <dubbo:provider filter="DubboServiceFilter"></dubbo:provider>
		
</beans>  