<?xml version="1.0" encoding="UTF-8"?>
<!DOCTYPE mapper   
    PUBLIC "-//mybatis.org//DTD Mapper 3.0//EN"   
    "http://mybatis.org/dtd/mybatis-3-mapper.dtd">
<mapper namespace="com.xinleju.cloud.oa.bbs.entity.BbsForum">
	<!-- 新增 -->
	<insert id="save">
		${value}
	</insert>
	<!-- 修改根据Id -->
	<update id="update">
		${value}
	</update>
	<!-- 伪删除根据Id -->
	<update id="deletePseudoObjectById">
		${value}
	</update>
	<!-- 批量伪删除根据Id -->
	<update id="deletePseudoAllObjectByIds">
		${value}
	</update>
	<!-- 删除根据Id -->
	<delete id="deleteById">
		${value}
	</delete>
	<!-- 批量删除根据Id -->
	<delete id="deleteBatchByIds">
		${value}
	</delete>
	<!-- 获取单个对象，根据Id-->
	<select id="get" resultType="com.xinleju.cloud.oa.bbs.entity.BbsForum">
		${value}
	</select>
	<!-- 获取列表根据Map查询 -->
	<select id="queryList" resultType="com.xinleju.cloud.oa.bbs.entity.BbsForum">
		${value}
	</select>
	<!-- 获取分页根据Map查询 -->
	<select id="queryPageList" resultType="com.xinleju.cloud.oa.bbs.entity.BbsForum">
		${value}
	</select>
	<!-- 获取总记录数 -->
	<select id="queryCount" resultType="java.lang.Integer">
		${value}
	</select>
	
	<!-- 获取分页根据Map查询 -->
	<select id="getPageSort" resultType="com.xinleju.cloud.oa.bbs.dto.BbsForumDto" parameterType="java.util.HashMap">
		select 
			s.id as id,
			s.create_person_id as createPersonId,
			s.create_person_name as createPersonName,
			s.create_org_id as createOrgId,
			s.create_org_name as createOrgName,
			s.create_company_id as createCompanyId,
			s.create_company_name as createCompanyName,
			s.create_date as createDate,
			s.update_person_id as createPersonId,
			s.update_person_name as updatePersonName,
			s.update_date as  updateDate,
			s.delflag as delflag,
			s.concurrency_version as concurrencyVersion,
			s.tend_id as tendId,
			s.name,
			s.description,
			s.type_id as typeId,
			s.status,
			s.anonymity_permission as anonymityPermission,
			s.publish_score as publishScore,
			s.reply_score as replyScore,
			s.set_essence_score as setEssenceScore,
			s.forum_manager as forumManager,
			s.forum_manager_id as forumManagerId,
			s.sort_num as sortNum,
			b.name as forumTypeName 
			from OA_BBS_FORUM s left join oa_bbs_forum_type b on s.type_id=b.id where s.delflag='0' and b.delflag='0'
			<if test="name!=null and name!='' ">     
	          and  s.name LIKE CONCAT('%',#{name},'%' ) 
	        </if>
			order by s.create_date desc  
			limit #{start},#{limit}
	</select>
	
	<!-- 排序查询 -->
	<select id="queryListSort" resultType="com.xinleju.cloud.oa.bbs.entity.BbsForum" parameterType="java.util.HashMap">
		select 
			s.id as id,
			s.create_person_id as createPersonId,
			s.create_person_name as createPersonName,
			s.create_org_id as createOrgId,
			s.create_org_name as createOrgName,
			s.create_company_id as createCompanyId,
			s.create_company_name as createCompanyName,
			s.create_date as createDate,
			s.update_person_id as createPersonId,
			s.update_person_name as updatePersonName,
			s.update_date as  updateDate,
			s.delflag as delflag,
			s.concurrency_version as concurrencyVersion,
			s.tend_id as tendId,
			s.name,
			s.description,
			s.type_id as typeId,
			s.status,
			s.anonymity_permission as anonymityPermission,
			s.publish_score as publishScore,
			s.reply_score as replyScore,
			s.set_essence_score as setEssenceScore,
			s.forum_manager as forumManager,
			s.forum_manager_id as forumManagerId,
			s.sort_num as sortNum
			from OA_BBS_FORUM s where s.delflag='0'
			order by s.sort_num,s.create_date
	</select>
	
	<!-- 获取总记录数 -->
	<select id="getPageSortCount" resultType="java.lang.Integer" parameterType="java.util.HashMap">
		select 
			count(1) 
			from OA_BBS_FORUM s left join oa_bbs_forum_type b on s.type_id=b.id where s.delflag='0' and b.delflag='0'
			<if test="name!=null and name!='' ">     
	          and  s.name LIKE CONCAT('%',#{name},'%' ) 
	        </if>
	</select>
	
	<!-- 查询指定版块下是否有话题生成-->
	<select id="isHasTopicByForumId" resultType="java.lang.Integer" parameterType="java.lang.String">
		SELECT count(1) FROM oa_bbs_topic s 
		where s.delflag='0'  and  s.forum_id = #{id}
	</select>
	
	<!-- 获取列表根据Map查询 -->
	<select id="getForumSummaryData" resultType="com.xinleju.cloud.oa.bbs.dto.BbsForumConvertDto">
		select s.id as id,s.forum_id as forumId, count(1) as 'topicNum',sum(s.reply_num) as 'replyNum',
		s.title as 'title',s.create_date as createDate,s.create_person_name as createPersonName
		 from (select t.id,t.forum_id,t.reply_num,t.title,t.create_date,t.create_person_name from oa_bbs_topic t 
		where t.status!='DRAFT' and t.delflag='0' ORDER BY t.stick desc, t.update_date desc,t.create_date desc ) s
		 GROUP BY s.forum_id
	</select>
</mapper>