<?xml version="1.0" encoding="UTF-8"?>
<!DOCTYPE mapper   
    PUBLIC "-//mybatis.org//DTD Mapper 3.0//EN"   
    "http://mybatis.org/dtd/mybatis-3-mapper.dtd">
<mapper namespace="com.xinleju.cloud.oa.bbs.entity.BbsGrade">
	<!-- 新增 -->
	<insert id="save">
		${value}
	</insert>
	<!-- 修改根据Id -->
	<update id="update">
		${value}
	</update>
	<!-- 伪删除根据Id -->
	<update id="deletePseudoObjectById">
		${value}
	</update>
	<!-- 批量伪删除根据Id -->
	<update id="deletePseudoAllObjectByIds">
		${value}
	</update>
	<!-- 删除根据Id -->
	<delete id="deleteById">
		${value}
	</delete>
	<!-- 批量删除根据Id -->
	<delete id="deleteBatchByIds">
		${value}
	</delete>
	<!-- 获取单个对象，根据Id-->
	<select id="get" resultType="com.xinleju.cloud.oa.bbs.entity.BbsGrade">
		${value}
	</select>
	<!-- 获取列表根据Map查询 -->
	<select id="queryList" resultType="com.xinleju.cloud.oa.bbs.entity.BbsGrade">
		${value}
	</select>
	<!-- 获取分页根据Map查询 -->
	<select id="queryPageList" resultType="com.xinleju.cloud.oa.bbs.entity.BbsGrade">
		${value}
	</select>
	<!-- 获取总记录数 -->
	<select id="queryCount" resultType="java.lang.Integer">
		${value}
	</select>
	<!-- 根据积分获取对应等级信息-->
	<select id="getObjectByScore" resultType="com.xinleju.cloud.oa.bbs.entity.BbsGrade" parameterType="java.lang.Integer">
       SELECT
        t.id as id,
        t.title as title,
        t.start as start,
        t.end as end,
        t.create_date AS createDate,
		t.update_date AS updateDate,
		t.create_person_id AS createPersonId,
		t.create_person_name AS createPersonName,
		t.update_person_id AS updatePersonId,
		t.update_person_name AS updatePersonName,
		t.create_org_id AS createOrgId,
		t.create_org_name AS createOrgName,
		t.create_company_id AS createCompanyId,
		t.create_company_name AS createCompanyName,
		t.concurrency_version AS concurrencyVersion,
		t.delflag AS delflag,
		t.tend_id as tendId
       from oa_bbs_grade t
       WHERE
       t.delflag = 0
       and
       #{score} BETWEEN t.start AND t.end
	</select>
</mapper>