<?xml version="1.0" encoding="UTF-8"?>
<!DOCTYPE mapper
        PUBLIC "-//mybatis.org//DTD Mapper 3.0//EN"
        "http://mybatis.org/dtd/mybatis-3-mapper.dtd">
<mapper namespace="com.xinleju.cloud.oa.content.entity.ContentRowType">
    <!-- 新增 -->
    <insert id="save">
		${value}
	</insert>
    <!-- 修改根据Id -->
    <update id="update">
		${value}
	</update>
    <!-- 删除根据Id -->
    <delete id="deleteById">
		${value}
	</delete>
    <!-- 批量删除根据Id -->
    <delete id="deleteBatchByIds">
		${value}
	</delete>
    <!-- 伪删除根据Id -->
    <update id="deletePseudoObjectById">
		${value}
	</update>
    <!-- 批量伪删除根据Id -->
    <update id="deletePseudoAllObjectByIds">
		${value}
	</update>
    <!-- 获取单个对象，根据Id-->
    <select id="get" resultType="com.xinleju.cloud.oa.content.entity.ContentRowType">
		${value}
	</select>
    <!-- 获取列表根据Map查询 -->
    <select id="queryList" resultType="com.xinleju.cloud.oa.content.entity.ContentRowType">
		${value}
	</select>
    <!-- 获取分页根据Map查询 -->
    <select id="queryPageList" resultType="com.xinleju.cloud.oa.content.entity.ContentRowType">
		${value}
	</select>
    <!-- 获取总记录数 -->
    <select id="queryCount" resultType="java.lang.Integer">
		${value}
	</select>

    <!-- 获取新闻、文档总记录数 -->
    <select id="queryTypeCount" resultType="java.lang.Integer" parameterType="java.lang.String">
		 select count(id) from oa_content_row_type  where content_type = #{_parameter,jdbcType=VARCHAR}
	</select>

    <!--条件查询获取分页数据-->
    <select id="queryObjectsByPage" resultType="com.xinleju.cloud.oa.content.entity.ContentRowType">
        ${value}
    </select>

    <!--条件查询获取分页数据总记录数-->
    <select id="queryObjectsCountByPage" resultType="java.lang.Integer">
        ${value}
    </select>
    <!--条件查询获取列表数据 -->
    <select id="queryObjectsList" resultType="com.xinleju.cloud.oa.content.entity.ContentRowType">
        ${value}
    </select>


    <!-- 过滤分页查询 -->
    <select id="getContentRowTypePage" resultType="com.xinleju.cloud.oa.content.entity.ContentRowType"
            parameterType="java.util.Map">
        SELECT
        t.id,
        t.create_person_id as createPersonId,
        t.create_person_name as createPersonName,
        t.create_org_id as createOrgId,
        t.create_org_name as createOrgName,
        t.create_company_id as createCompanyId,
        t.create_company_name as createCompanyName,
        t.create_date as createDate,
        t.update_person_id as updatePersonId,
        t.update_person_name as updatePersonName,
        t.update_date as updateDate,
        t.delflag as delflag,
        t.concurrency_version as concurrencyVersion,
        t.tend_id as tendId,
        t.title as title,
        t.title_pic as titlePic,
        t.code as code,
        t.doc_content as docContent,
        t.author_id as authorId,
        t.author as author,
        t.importance as importance,
        t.keywords as keywords,
        t.doc_desc as docDesc,
        t.publish_date as publishDate,
        t.status as status,
        t.hit_num as hitNum,
        t.belong_dept_id as belongDeptId,
        t.belong_dept_name as belongDeptName,
        t.belong_company_id as belongCompanyId,
        t.belong_company_name as belongCompanyName,
        t.content_type_id as contentTypeId,
        t.content_child_id as contentChildId,
        t.stick as stick,
        t.stick_cycle as stickCycle,
        t.stick_invalid_time as stickInvalidTime,
        t.sort_num as sortNum,
        t.process_instance_id as processInstanceId,
        t.business_object_code as businessObjectCode,
        t.fl_code as flCode,
        t.relation_id as relationId,
        t.big_version as bigVersion,
        t.minor_version as minorVersion,
        ct.approval_process as approvalProcess,
        cc.name as contentChildName,
        ct.name as contentTypeName
        FROM
        oa_content_row_type t
        LEFT JOIN
        oa_content_child cc
        ON t.content_child_id = cc.id
        LEFT JOIN oa_content_type ct
        on t.content_type_id = ct.id
        where t.delflag=0
        <if test="contentTypeId != null and contentTypeId !=''">
            AND t.content_type_id = #{contentTypeId,jdbcType=VARCHAR}
        </if>
        <if test="contentChildId != null and contentChildId !=''">
            AND (t.content_child_id = #{contentChildId,jdbcType=VARCHAR}
            or cc.parent_id = #{contentChildId,jdbcType=VARCHAR})
        </if>

        <if test="publishState != null and publishState !=''">
            AND t.publish_state = #{publishState,jdbcType=VARCHAR}
        </if>
        <if test="title!=null and title!=''">
            AND t.title = #{title}
        </if>
        <if test="author!=null and author!=''">
            AND t.author = #{author}
        </if>
        <if test="docContent!=null and docContent!=''">
            AND t.doc_content like '%${docContent}%'
        </if>
        <if test="createPersonId!=null and createPersonId!=''">
            AND t.create_person_id = #{createPersonId}
        </if>
        <if test="belongDeptId!=null and belongDeptId!=''">
            AND t.belong_dept_id = #{belongDeptId}
        </if>
        <if test="starttime!=null and starttime!=''">
            AND t.create_date &gt; #{starttime}
        </if>
        <if test="endtime!=null and endtime!=''">
            AND t.create_date &lt; #{endtime}
        </if>
        <if test="param!=null and param!=''">
            AND (t.title like '%${param}%' or t.code like '%${param}%')
        </if>

        ORDER BY t.stick DESC ,t.sort_num ASC , t.create_date DESC

        <if test="start!=null  and limit!=null ">
            limit #{start},#{limit}
        </if>
        <!--<choose>
        <when test="start!=null and start!='' and limit!=null and limit!=''">
         limit #{start},#{limit}
        </when>
        </choose>-->
    </select>

    <!-- 过滤查询条数 -->
    <select id="getContentRowTypeCount" resultType="java.lang.Integer" parameterType="java.util.Map">
        SELECT
        count(t.id)
        FROM
        oa_content_row_type t
        LEFT JOIN
        oa_content_child cc
        ON t.content_child_id = cc.id
        where t.delflag=0
        <if test="contentTypeId != null and contentTypeId !=''">
            AND t.content_type_id = #{contentTypeId,jdbcType=VARCHAR}
        </if>
        <if test="contentChildId != null and contentChildId !=''">
            AND (t.content_child_id = #{contentChildId,jdbcType=VARCHAR}
            or cc.parent_id = #{contentChildId,jdbcType=VARCHAR})
        </if>

        <if test="publishState != null and publishState !=''">
            AND t.publish_state = #{publishState,jdbcType=VARCHAR}
        </if>
        <if test="title!=null and title!=''">
            AND t.title = #{title}
        </if>
        <if test="author!=null and author!=''">
            AND t.author = #{author}
        </if>
        <if test="docContent!=null and docContent!=''">
            AND t.doc_content like '%${docContent}%'
        </if>
        <if test="createPersonId!=null and createPersonId!=''">
            AND t.create_person_id = #{createPersonId}
        </if>
        <if test="belongDeptId!=null and belongDeptId!=''">
            AND t.belong_dept_id = #{belongDeptId}
        </if>
        <if test="starttime!=null and starttime!=''">
            AND t.create_date &gt; #{starttime}
        </if>
        <if test="endtime!=null and endtime!=''">
            AND t.create_date &lt; #{endtime}
        </if>
        <if test="param!=null and param!=''">
            AND (t.title like '%${param}%' or t.code like '%${param}%')
        </if>
    </select>

    <select id="selectMinSortContentRowType" resultType="com.xinleju.cloud.oa.content.entity.ContentRowType"
            parameterType="java.util.Map">
        Select
        id,
        create_person_id as createPersonId,
        create_person_name as createPersonName,
        create_org_id as createOrgId,
        create_org_name as createOrgName,
        create_company_id as createCompanyId,
        create_company_name as createCompanyName,
        create_date as createDate,
        update_person_id as updatePersonId,
        update_person_name as updatePersonName,
        update_date as updateDate,
        delflag as delflag,
        concurrency_version as concurrencyVersion,
        tend_id as tendId,
        title as title,
        title_pic as titlePic,
        code as code,
        doc_content as docContent,
        author_id as authorId,
        author as author,
        importance as importance,
        keywords as keywords,
        doc_desc as docDesc,
        publish_date as publishDate,
        status as status,
        hit_num as hitNum,
        belong_dept_id as belongDeptId,
        belong_dept_name as belongDeptName,
        belong_company_id as belongCompanyId,
        belong_company_name as belongCompanyName,
        content_type_id as contentTypeId,
        content_child_id as contentChildId,
        stick as stick,
        stick_cycle as stickCycle,
        stick_invalid_time as stickInvalidTime,
        sort_num as sortNum,
        process_instance_id as processInstanceId,
        business_object_code as businessObjectCode,
        relation_id as relationId,
        big_version as bigVersion,
        minor_version as minorVersion
        from oa_content_row_type
        where delflag = 0 and sort_num = (SELECT min(sort_num) from oa_content_row_type
        where delflag = 0
        <if test="sortNum!=null">
            and sort_num &gt; #{sortNum}
        </if>
        <if test="contentTypeId!=null and contentTypeId!=''">
            and content_type_id = #{contentTypeId,jdbcType=VARCHAR}
        </if>
        <if test="contentChildId!=null and contentChildId!=''">
            and content_child_id = #{contentChildId,jdbcType=VARCHAR}
        </if>
        )
        <if test="contentTypeId!=null and contentTypeId!=''">
            and content_type_id = #{contentTypeId,jdbcType=VARCHAR}
        </if>
        <if test="contentChildId!=null and contentChildId!=''">
            and content_child_id = #{contentChildId,jdbcType=VARCHAR}
        </if>
    </select>
    <select id="selectMaxSortContentRowType" resultType="com.xinleju.cloud.oa.content.entity.ContentRowType"
            parameterType="java.util.Map">
        Select
        id,
        create_person_id as createPersonId,
        create_person_name as createPersonName,
        create_org_id as createOrgId,
        create_org_name as createOrgName,
        create_company_id as createCompanyId,
        create_company_name as createCompanyName,
        create_date as createDate,
        update_person_id as updatePersonId,
        update_person_name as updatePersonName,
        update_date as updateDate,
        delflag as delflag,
        concurrency_version as concurrencyVersion,
        tend_id as tendId,
        title as title,
        title_pic as titlePic,
        code as code,
        doc_content as docContent,
        author_id as authorId,
        author as author,
        importance as importance,
        keywords as keywords,
        doc_desc as docDesc,
        publish_date as publishDate,
        status as status,
        hit_num as hitNum,
        belong_dept_id as belongDeptId,
        belong_dept_name as belongDeptName,
        belong_company_id as belongCompanyId,
        belong_company_name as belongCompanyName,
        content_type_id as contentTypeId,
        content_child_id as contentChildId,
        stick as stick,
        stick_cycle as stickCycle,
        stick_invalid_time as stickInvalidTime,
        sort_num as sortNum,
        process_instance_id as processInstanceId,
        business_object_code as businessObjectCode,
        relation_id as relationId,
        big_version as bigVersion,
        minor_version as minorVersion
        from oa_content_row_type
        where delflag = 0 and sort_num = (
        SELECT max(sort_num) from oa_content_row_type
        where delflag = 0
        <if test="sortNum!=null">
            and sort_num &lt; #{sortNum}
        </if>
        <if test="contentTypeId!=null and contentTypeId!=''">
            and content_type_id = #{contentTypeId,jdbcType=VARCHAR}
        </if>
        <if test="contentChildId!=null and contentChildId!=''">
            and content_child_id = #{contentChildId,jdbcType=VARCHAR}
        </if>
        )
        <if test="contentTypeId!=null and contentTypeId!=''">
            and content_type_id = #{contentTypeId,jdbcType=VARCHAR}
        </if>
        <if test="contentChildId!=null and contentChildId!=''">
            and content_child_id = #{contentChildId,jdbcType=VARCHAR}
        </if>
    </select>
    <update id="switchOrder" parameterType="java.util.Map">
		UPDATE oa_content_row_type
		set sort_num = #{sortNum}
		WHERE id=#{id}
	</update>
    <update id="updateStickTimeOut">
		update oa_content_row_type set stick = 0 , stick_cycle = 0 where NOW() >= stick_invalid_time and stick = 1
	</update>
    <select id="querySameList" resultType="com.xinleju.cloud.oa.content.entity.ContentRowType"
            parameterType="java.util.Map">
		SELECT
			t.id,
			t.create_person_id as createPersonId,
			t.create_person_name as createPersonName,
			t.create_org_id as createOrgId,
			t.create_org_name as createOrgName,
			t.create_company_id as createCompanyId,
			t.create_company_name as createCompanyName,
			t.create_date as createDate,
			t.update_person_id as updatePersonId,
			t.update_person_name as updatePersonName,
			t.update_date as updateDate,
			t.delflag as delflag,
			t.concurrency_version as concurrencyVersion,
		    t.tend_id as tendId,
			t.title as title,
			t.title_pic as titlePic,
			t.code as code,
			t.doc_content as docContent,
			t.author_id as authorId,
			t.author as author,
			t.importance as importance,
			t.keywords as keywords,
			t.doc_desc as docDesc,
			t.publish_date as publishDate,
			t.status as status,
			t.hit_num as hitNum,
			t.belong_dept_id as belongDeptId,
			t.belong_dept_name as belongDeptName,
			t.belong_company_id as belongCompanyId,
			t.belong_company_name as belongCompanyName,
			t.content_type_id as contentTypeId,
			t.content_child_id as contentChildId,
			t.stick as stick,
			t.stick_cycle as  stickCycle,
			t.stick_invalid_time as stickInvalidTime,
			t.sort_num as sortNum,
			t.process_instance_id as processInstanceId,
			t.business_object_code as businessObjectCode,
			t.fl_code as flCode,
			t.relation_id as relationId,
			t.big_version as bigVersion,
			t.minor_version as minorVersion

		FROM
			oa_content_row_type t
			WHERE
			   t.delflag = 0
			   and
			   t.content_type_id = #{contentTypeId}
			   and
			   t.content_child_id = #{contentChildId}
			   and
			   t.id != #{id}
			   AND
			   t.relation_id != #{relationId}
			   and
			   t.status = #{status}
			  GROUP BY relation_id
			  order by big_version desc,minor_version desc

	</select>
    <select id="checkUniqueCode" resultType="com.xinleju.cloud.oa.content.entity.ContentRowType" parameterType="com.xinleju.cloud.oa.content.entity.ContentRowType">
         SELECT
			t.id,
			t.create_person_id as createPersonId,
			t.create_person_name as createPersonName,
			t.create_org_id as createOrgId,
			t.create_org_name as createOrgName,
			t.create_company_id as createCompanyId,
			t.create_company_name as createCompanyName,
			t.create_date as createDate,
			t.update_person_id as updatePersonId,
			t.update_person_name as updatePersonName,
			t.update_date as updateDate,
			t.delflag as delflag,
			t.concurrency_version as concurrencyVersion,
		    t.tend_id as tendId,
			t.title as title,
			t.title_pic as titlePic,
			t.code as code,
			t.doc_content as docContent,
			t.author_id as authorId,
			t.author as author,
			t.importance as importance,
			t.keywords as keywords,
			t.doc_desc as docDesc,
			t.publish_date as publishDate,
			t.status as status,
			t.hit_num as hitNum,
			t.belong_dept_id as belongDeptId,
			t.belong_dept_name as belongDeptName,
			t.belong_company_id as belongCompanyId,
			t.belong_company_name as belongCompanyName,
			t.content_type_id as contentTypeId,
			t.content_child_id as contentChildId,
			t.stick as stick,
			t.stick_cycle as  stickCycle,
			t.stick_invalid_time as stickInvalidTime,
			t.sort_num as sortNum,
			t.process_instance_id as processInstanceId,
			t.business_object_code as businessObjectCode,
			t.fl_code as flCode,
			t.relation_id as relationId,
			t.big_version as bigVersion,
			t.minor_version as minorVersion

		FROM
			oa_content_row_type t
			WHERE
			   t.code = #{code}
			   and
			   t.id != #{id}
			   and t.delflag = 0
    </select>

    <select id="queryListForMobile" resultType="java.util.Map" parameterType="java.util.Map">
        <!--SELECT
        t.id,
        t.title as title,
        t.code as code,
        t.publish_date as publishDate,
        t.status as status,
        t.belong_dept_id as belongDeptId,
        t.belong_dept_name as belongDeptName,
        t.author as author,
        t.author_id as authorId,
        t1.id as contentTypeId,
        t1.name as contentTypeName,
        t1.code as contentTypeCode,
        t.delflag
        FROM
        oa_content_row_type t
        LEFT JOIN
        oa_content_type t1
        ON t.content_type_id = t1.id

        WHERE t.delflag=0
        AND
        t.status='PUBLISHED'
        AND t1.content_type = 'NEWS'
        <choose>
            <when test="contentTypeCodeList != null">
                AND t1.code IN
                <foreach collection="contentTypeCodeList" item="item" index="index" open="(" separator="," close=")">
                    #{item}
                </foreach>
            </when>
        </choose>
        ORDER BY t.stick DESC ,t.publish_date DESC

        limit #{start},#{limit}
        -->
        ${value}
    </select>

    <select id="queryListForMobileCount" resultType="java.lang.Integer" parameterType="java.util.Map">
        <!--SELECT
          count(t.id)
        FROM
          oa_content_row_type t
        LEFT JOIN
          oa_content_type t1
        ON t.content_type_id = t1.id

        WHERE t.delflag=0
        AND
          t.status='PUBLISHED'
        <choose>
            <when test="contentTypeCodeList != null">
                AND t1.code IN
                <foreach collection="contentTypeCodeList" item="item" index="index" open="(" separator="," close=")">
                    #{item}
                </foreach>
            </when>
        </choose>-->
        ${value}

    </select>

    <!--根据id获取知识信息-->
    <select id="queryObjectInfoById" resultType="java.util.Map" parameterType="java.util.Map">
        SELECT
          t.attribute_value as attributeValue,
          t.status as status,

          t0.id as contentChildId,
          t0.name as contentChildName,
          t0.code as contentChildCode,
          t0.full_id_path as fullIdPath,
          t0.full_path as fullIdName,

          t1.name as contentTypeName,
          t1.code as contentTypeCode,
          t1.content_type as contentType,
          t1.business_object as businessObject,
          t1.approval_process as approvalProcess,
          t1.news_type as newsType
        FROM oa_content_row_type t
        LEFT JOIN oa_content_child t0
        ON t.content_child_id = t0.id
        LEFT JOIN oa_content_type t1
        ON t.content_type_id=t1.id
        WHERE 1=1
        <if test="id!=null and id!='' ">
            AND t.id = #{id}
        </if>
    </select>
    <!--根据id获取知识信息-->
    <select id="getMaxCodeByNowYearAndCodeType" resultType="java.util.Map" parameterType="java.util.Map">
        SELECT t.code FROM oa_content_row_type t WHERE t.code_type = #{codeType} AND t.code LIKE concat('%',#{year},'%')  ORDER BY REPLACE(REPLACE(REPLACE(REPLACE(t.code,#{codeType},''),'号',''),'〔',''),'〕','')*1 DESC LIMIT 0,1
    </select>
</mapper>