<?xml version="1.0" encoding="UTF-8"?>
<beans xmlns="http://www.springframework.org/schema/beans"
	xmlns:xsi="http://www.w3.org/2001/XMLSchema-instance" xmlns:dubbo="http://code.alibabatech.com/schema/dubbo"
	xmlns:util="http://www.springframework.org/schema/util"
	xsi:schemaLocation="http://www.springframework.org/schema/beans 
	    http://www.springframework.org/schema/beans/spring-beans.xsd
        http://www.springframework.org/schema/util 
        http://www.springframework.org/schema/util/spring-util-4.3.xsd
        http://code.alibabatech.com/schema/dubbo          
        http://code.alibabatech.com/schema/dubbo/dubbo.xsd
        ">
    <dubbo:consumer check="false"/>
	        
	<!-- 组织机构之岗位服务消费者 -->
	<dubbo:reference id="postDtoServiceCustomer" interface="com.xinleju.platform.sys.org.dto.service.PostDtoServiceCustomer" /> 
	<!-- 组织机构之组织结构服务消费者 -->
	<dubbo:reference id="orgnazationDtoServiceCustomer" interface="com.xinleju.platform.sys.org.dto.service.OrgnazationDtoServiceCustomer" />	
    <!-- 自定义表单实例消费者-->
    <dubbo:reference id="customFormInstanceDtoServiceCustomer" interface="com.xinleju.platform.sys.base.dto.service.CustomFormInstanceDtoServiceCustomer" />	       
 	
 	<dubbo:reference id="customFormDtoServiceCustomer" interface="com.xinleju.platform.sys.base.dto.service.CustomFormDtoServiceCustomer" />	       
 	
 	
 	<!-- 系统服务消费者 -->
    <dubbo:reference id="appSystemDtoServiceCustomer" interface="com.xinleju.platform.sys.res.dto.service.AppSystemDtoServiceCustomer" />
    
    <!-- search:索引表服务消费者 -->
    <dubbo:reference id="searchIndexDtoServiceCustomer" interface="com.xinleju.platform.univ.search.dto.service.SearchIndexDtoServiceCustomer" />
    
    <!-- 用户服务 -->
    <dubbo:reference id="userDtoServiceCustomer" interface="com.xinleju.platform.sys.org.dto.service.UserDtoServiceCustomer" />
    
    <!-- 组织服务 -->
    <dubbo:reference id="orgnazationOutServiceCustomer" interface="com.xinleju.platform.out.app.org.service.OrgnazationOutServiceCustomer" />
    
	<!-- 附件信息服务消费者 -->
	<dubbo:reference id="attachmentDtoServiceCustomer" interface="com.xinleju.platform.univ.attachment.dto.service.AttachmentDtoServiceCustomer" />    
    
    <!-- 外部使用的用户服务 -->
    <dubbo:reference id="userOutServiceCustomer" interface="com.xinleju.platform.out.app.org.service.UserOutServiceCustomer" />
   
   <!-- 外部使用的用户服务 -->
    <dubbo:reference id="rulerSubDtoServiceCustomer" interface="com.xinleju.platform.sys.num.dto.service.RulerSubDtoServiceCustomer" />
   
</beans>  