<?xml version="1.0" encoding="UTF-8"?>
<beans xmlns="http://www.springframework.org/schema/beans"
	xmlns:xsi="http://www.w3.org/2001/XMLSchema-instance" 
	xmlns:dubbo="http://code.alibabatech.com/schema/dubbo"
	xmlns:util="http://www.springframework.org/schema/util"
	xsi:schemaLocation="http://www.springframework.org/schema/beans 
	    http://www.springframework.org/schema/beans/spring-beans.xsd
        http://www.springframework.org/schema/util 
        http://www.springframework.org/schema/util/spring-util-4.3.xsd
        http://code.alibabatech.com/schema/dubbo          
        http://code.alibabatech.com/schema/dubbo/dubbo.xsd
        ">

	<dubbo:service interface="com.xinleju.erp.flow.service.api.extend.FlowOuterService" ref="flowOuterServiceImpl" retries="0" timeout="50000" />
	<bean id="flowOuterServiceImpl" class="com.xinleju.platform.out.app.old.impl.FlowOuterServiceImpl"></bean>

	<dubbo:service interface="com.xinleju.erp.flow.service.api.extend.FlowService" ref="flowServiceImpl" retries="0" timeout="50000" />
	<bean id="flowServiceImpl" class="com.xinleju.platform.out.app.old.impl.FlowServiceImpl"></bean>
	
	<dubbo:service interface="com.xinleju.erp.flow.service.api.extend.CommonService" ref="commonServiceImpl" retries="0" timeout="50000" />
	<bean id="commonServiceImpl" class="com.xinleju.platform.out.app.old.impl.CommonServiceImpl"></bean>
	
</beans>  