<?xml version="1.0" encoding="UTF-8"?>
<beans xmlns="http://www.springframework.org/schema/beans"
	xmlns:xsi="http://www.w3.org/2001/XMLSchema-instance" 
	xmlns:dubbo="http://code.alibabatech.com/schema/dubbo"
	xmlns:util="http://www.springframework.org/schema/util"
	xsi:schemaLocation="http://www.springframework.org/schema/beans 
	    http://www.springframework.org/schema/beans/spring-beans.xsd
        http://www.springframework.org/schema/util 
        http://www.springframework.org/schema/util/spring-util-4.3.xsd
        http://code.alibabatech.com/schema/dubbo          
        http://code.alibabatech.com/schema/dubbo/dubbo.xsd
        ">

    <!-- 提供方应用信息，用于计算依赖关系 -->
    <dubbo:application name="platform-flow"/>
    <dubbo:registry protocol="zookeeper" address="#{configuration['zookeeper']}"/>
    <dubbo:protocol name="dubbo" port="#{configuration['dubbo.port']}" />
    <dubbo:provider filter="DubboServiceFilter"></dubbo:provider>

	<dubbo:service interface="com.xinleju.platform.flow.dto.service.OverdueSettingDtoServiceCustomer"       ref="overdueSettingDtoServiceProducer" retries="0" timeout="50000" />
	<bean id="overdueSettingDtoServiceProducer"       class="com.xinleju.platform.flow.dto.service.impl.OverdueSettingDtoServiceProducer"></bean>
	
	<dubbo:service interface="com.xinleju.platform.flow.dto.service.OverdueNoticeExceptionDtoServiceCustomer"       ref="overdueNoticeExceptionDtoServiceProducer" retries="0" timeout="50000" />
	<bean id="overdueNoticeExceptionDtoServiceProducer"       class="com.xinleju.platform.flow.dto.service.impl.OverdueNoticeExceptionDtoServiceProducer"></bean>
	
	<dubbo:service interface="com.xinleju.platform.flow.dto.service.OverdueFlDtoServiceCustomer"       ref="overdueFlDtoServiceProducer" retries="0" timeout="50000" />
	<bean id="overdueFlDtoServiceProducer"       class="com.xinleju.platform.flow.dto.service.impl.OverdueFlDtoServiceProducer"></bean>
	
	<dubbo:service interface="com.xinleju.platform.flow.dto.service.AgentDtoServiceCustomer"       ref="agentDtoServiceProducer" retries="0" timeout="50000" />
	<bean id="agentDtoServiceProducer"       class="com.xinleju.platform.flow.dto.service.impl.AgentDtoServiceProducer"></bean>
	
	<dubbo:service interface="com.xinleju.platform.flow.dto.service.AgentFlDtoServiceCustomer"       ref="agentFlDtoServiceProducer" retries="0" timeout="50000" />
	<bean id="agentFlDtoServiceProducer"       class="com.xinleju.platform.flow.dto.service.impl.AgentFlDtoServiceProducer"></bean>
	
	<dubbo:service interface="com.xinleju.platform.flow.dto.service.AgentPostDtoServiceCustomer"       ref="agentPostDtoServiceProducer" retries="0" timeout="50000" />
	<bean id="agentPostDtoServiceProducer"       class="com.xinleju.platform.flow.dto.service.impl.AgentPostDtoServiceProducer"></bean>
	
	<dubbo:service interface="com.xinleju.platform.flow.dto.service.MonitorFlDtoServiceCustomer"       ref="monitorFlDtoServiceProducer" retries="0" timeout="50000" />
	<bean id="monitorFlDtoServiceProducer"       class="com.xinleju.platform.flow.dto.service.impl.MonitorFlDtoServiceProducer"></bean>
	
	<dubbo:service interface="com.xinleju.platform.flow.dto.service.MonitorSettingDtoServiceCustomer"       ref="monitorSettingDtoServiceProducer" retries="0" timeout="50000" />
	<bean id="monitorSettingDtoServiceProducer"       class="com.xinleju.platform.flow.dto.service.impl.MonitorSettingDtoServiceProducer"></bean>
	
	<dubbo:service interface="com.xinleju.platform.flow.dto.service.MonitoredPersonDtoServiceCustomer"       ref="monitoredPersonDtoServiceProducer" retries="0" timeout="50000" />
	<bean id="monitoredPersonDtoServiceProducer"       class="com.xinleju.platform.flow.dto.service.impl.MonitoredPersonDtoServiceProducer"></bean>
	
	<dubbo:service interface="com.xinleju.platform.flow.dto.service.MonitorPersonDtoServiceCustomer"       ref="monitorPersonDtoServiceProducer" retries="0" timeout="50000" />
	<bean id="monitorPersonDtoServiceProducer"       class="com.xinleju.platform.flow.dto.service.impl.MonitorPersonDtoServiceProducer"></bean>
	
	<dubbo:service interface="com.xinleju.platform.flow.dto.service.InstanceDtoServiceCustomer"       ref="instanceDtoServiceProducer" retries="0" timeout="50000" />
	<bean id="instanceDtoServiceProducer"       class="com.xinleju.platform.flow.dto.service.impl.InstanceDtoServiceProducer"></bean>
	
	<dubbo:service interface="com.xinleju.platform.flow.dto.service.InstanceAcDtoServiceCustomer"       ref="instanceAcDtoServiceProducer" retries="0" timeout="50000" />
	<bean id="instanceAcDtoServiceProducer"       class="com.xinleju.platform.flow.dto.service.impl.InstanceAcDtoServiceProducer"></bean>
	
	<dubbo:service interface="com.xinleju.platform.flow.dto.service.InstanceTransitionRecordDtoServiceCustomer"       ref="instanceTransitionRecordDtoServiceProducer" retries="0" timeout="50000" />
	<bean id="instanceTransitionRecordDtoServiceProducer"       class="com.xinleju.platform.flow.dto.service.impl.InstanceTransitionRecordDtoServiceProducer"></bean>
	
	<dubbo:service interface="com.xinleju.platform.flow.dto.service.InstanceStepDtoServiceCustomer"       ref="instanceStepDtoServiceProducer" retries="0" timeout="50000" />
	<bean id="instanceStepDtoServiceProducer"       class="com.xinleju.platform.flow.dto.service.impl.InstanceStepDtoServiceProducer"></bean>
	
	<dubbo:service interface="com.xinleju.platform.flow.dto.service.InstanceReadRecordDtoServiceCustomer"       ref="instanceReadRecordDtoServiceProducer" retries="0" timeout="50000" />
	<bean id="instanceReadRecordDtoServiceProducer"       class="com.xinleju.platform.flow.dto.service.impl.InstanceReadRecordDtoServiceProducer"></bean>
	
	<dubbo:service interface="com.xinleju.platform.flow.dto.service.ApproveTypeDtoServiceCustomer"       ref="approveTypeDtoServiceProducer" retries="0" timeout="50000" />
	<bean id="approveTypeDtoServiceProducer"       class="com.xinleju.platform.flow.dto.service.impl.ApproveTypeDtoServiceProducer"></bean>
	
	<dubbo:service interface="com.xinleju.platform.flow.dto.service.ApproveOperationDtoServiceCustomer"       ref="approveOperationDtoServiceProducer" retries="0" timeout="50000" />
	<bean id="approveOperationDtoServiceProducer"       class="com.xinleju.platform.flow.dto.service.impl.ApproveOperationDtoServiceProducer"></bean>
	
	<dubbo:service interface="com.xinleju.platform.flow.dto.service.OperationTypeDtoServiceCustomer"       ref="operationTypeDtoServiceProducer" retries="0" timeout="50000" />
	<bean id="operationTypeDtoServiceProducer"       class="com.xinleju.platform.flow.dto.service.impl.OperationTypeDtoServiceProducer"></bean>
	
	<dubbo:service interface="com.xinleju.platform.flow.dto.service.BusinessObjectDtoServiceCustomer"       ref="businessObjectDtoServiceProducer" retries="0" timeout="50000" />
	<bean id="businessObjectDtoServiceProducer"       class="com.xinleju.platform.flow.dto.service.impl.BusinessObjectDtoServiceProducer"></bean>
	
	<dubbo:service interface="com.xinleju.platform.flow.dto.service.BusinessObjectVariableDtoServiceCustomer"       ref="businessObjectVariableDtoServiceProducer" retries="0" timeout="50000" />
	<bean id="businessObjectVariableDtoServiceProducer"       class="com.xinleju.platform.flow.dto.service.impl.BusinessObjectVariableDtoServiceProducer"></bean>
	
	<dubbo:service interface="com.xinleju.platform.flow.dto.service.FlDtoServiceCustomer"       ref="flDtoServiceProducer" retries="0" timeout="50000" />
	<bean id="flDtoServiceProducer"       class="com.xinleju.platform.flow.dto.service.impl.FlDtoServiceProducer"></bean>
	
	<dubbo:service interface="com.xinleju.platform.flow.dto.service.StepDtoServiceCustomer"       ref="stepDtoServiceProducer" retries="0" timeout="50000" />
	<bean id="stepDtoServiceProducer"       class="com.xinleju.platform.flow.dto.service.impl.StepDtoServiceProducer"></bean>
	
	<dubbo:service interface="com.xinleju.platform.flow.dto.service.ParticipantDtoServiceCustomer"       ref="participantDtoServiceProducer" retries="0" timeout="50000" />
	<bean id="participantDtoServiceProducer"       class="com.xinleju.platform.flow.dto.service.impl.ParticipantDtoServiceProducer"></bean>
	
	<dubbo:service interface="com.xinleju.platform.flow.dto.service.ParticipantScopeValDtoServiceCustomer"       ref="participantScopeValDtoServiceProducer" retries="0" timeout="50000" />
	<bean id="participantScopeValDtoServiceProducer"       class="com.xinleju.platform.flow.dto.service.impl.ParticipantScopeValDtoServiceProducer"></bean>
	
	<dubbo:service interface="com.xinleju.platform.flow.dto.service.AcDtoServiceCustomer"       ref="acDtoServiceProducer" retries="0" timeout="50000" />
	<bean id="acDtoServiceProducer"       class="com.xinleju.platform.flow.dto.service.impl.AcDtoServiceProducer"></bean>
	
	<dubbo:service interface="com.xinleju.platform.flow.dto.service.InstanceVariableDtoServiceCustomer"       ref="instanceVariableDtoServiceProducer" retries="0" timeout="50000" />
	<bean id="instanceVariableDtoServiceProducer"       class="com.xinleju.platform.flow.dto.service.impl.InstanceVariableDtoServiceProducer"></bean>
	
	<dubbo:service interface="com.xinleju.platform.flow.dto.service.InstanceAccessibleDtoServiceCustomer"       ref="instanceAccessibleDtoServiceProducer" retries="0" timeout="50000" />
	<bean id="instanceAccessibleDtoServiceProducer"       class="com.xinleju.platform.flow.dto.service.impl.InstanceAccessibleDtoServiceProducer"></bean>
	
	<dubbo:service interface="com.xinleju.platform.flow.dto.service.InstanceCsDtoServiceCustomer"       ref="instanceCsDtoServiceProducer" retries="0" timeout="50000" />
	<bean id="instanceCsDtoServiceProducer"       class="com.xinleju.platform.flow.dto.service.impl.InstanceCsDtoServiceProducer"></bean>
	
	<dubbo:service interface="com.xinleju.platform.flow.dto.service.InstanceGroupDtoServiceCustomer"       ref="instanceGroupDtoServiceProducer" retries="0" timeout="50000" />
	<bean id="instanceGroupDtoServiceProducer"       class="com.xinleju.platform.flow.dto.service.impl.InstanceGroupDtoServiceProducer"></bean>
	
	<dubbo:service interface="com.xinleju.platform.flow.dto.service.InstanceTaskDtoServiceCustomer"       ref="instanceTaskDtoServiceProducer" retries="0" timeout="50000" />
	<bean id="instanceTaskDtoServiceProducer"       class="com.xinleju.platform.flow.dto.service.impl.InstanceTaskDtoServiceProducer"></bean>

	<dubbo:service interface="com.xinleju.platform.flow.dto.service.ExpressionEvaluateServiceCustomer"       ref="expressionEvaluateServiceCustomer" retries="0" timeout="50000" />
	<bean id="expressionEvaluateServiceCustomer"       class="com.xinleju.platform.flow.dto.service.impl.ExpressionEvaluateServiceProducer"></bean>
		
	<dubbo:service interface="com.xinleju.platform.flow.dto.service.SysNoticeMsgDtoServiceCustomer"       ref="sysNoticeMsgDtoServiceProducer" retries="0" timeout="50000" />
	<bean id="sysNoticeMsgDtoServiceProducer"       class="com.xinleju.platform.flow.dto.service.impl.SysNoticeMsgDtoServiceProducer"></bean>
	
	<dubbo:service interface="com.xinleju.platform.flow.dto.service.InstanceOperateLogDtoServiceCustomer"       ref="instanceOperateLogDtoServiceProducer" retries="0" timeout="50000" />
    <bean id="instanceOperateLogDtoServiceProducer"       class="com.xinleju.platform.flow.dto.service.impl.InstanceOperateLogDtoServiceProducer"></bean>
	
	<dubbo:service interface="com.xinleju.platform.flow.dto.service.CalendarBasicDtoServiceCustomer"       ref="calendarBasicDtoServiceProducer" retries="0" timeout="50000" />
	<bean id="calendarBasicDtoServiceProducer"       class="com.xinleju.platform.flow.dto.service.impl.CalendarBasicDtoServiceProducer"></bean>

	<dubbo:service interface="com.xinleju.platform.flow.dto.service.CalendarDetailDtoServiceCustomer"       ref="calendarDetailDtoServiceProducer" retries="0" timeout="50000" />
	<bean id="calendarDetailDtoServiceProducer"       class="com.xinleju.platform.flow.dto.service.impl.CalendarDetailDtoServiceProducer"></bean>
	
	<dubbo:service interface="com.xinleju.platform.flow.dto.service.InstanceStatDtoServiceCustomer"       ref="instanceStatDtoServiceProducer" retries="0" timeout="50000" />
	<bean id="instanceStatDtoServiceProducer"       class="com.xinleju.platform.flow.dto.service.impl.InstanceStatDtoServiceProducer"></bean>
	
	<dubbo:service interface="com.xinleju.platform.flow.dto.service.MobileFormDtoServiceCustomer"       ref="mobileFormDtoServiceProducer" retries="0" timeout="50000" />
	<bean id="mobileFormDtoServiceProducer"       class="com.xinleju.platform.flow.dto.service.impl.MobileFormDtoServiceProducer"></bean>
	
	<dubbo:service interface="com.xinleju.platform.flow.dto.service.PcFormDtoServiceCustomer"       ref="pcFormDtoServiceProducer" retries="0" timeout="50000" />
	<bean id="pcFormDtoServiceProducer"       class="com.xinleju.platform.flow.dto.service.impl.PcFormDtoServiceProducer"></bean>
	
	<dubbo:service interface="com.xinleju.platform.flow.dto.service.MobileMeetingDtoServiceCustomer"       ref="mobileMeetingDtoServiceProducer" retries="0" timeout="50000" />
	<bean id="mobileMeetingDtoServiceProducer"       class="com.xinleju.platform.flow.dto.service.impl.MobileMeetingDtoServiceProducer"></bean>
	
	<dubbo:service interface="com.xinleju.platform.flow.dto.service.UploadAttachmentDtoServiceCustomer"       ref="uploadAttachmentDtoServiceProducer" retries="0" timeout="50000" />
    <bean id="uploadAttachmentDtoServiceProducer"       class="com.xinleju.platform.flow.dto.service.impl.UploadAttachmentDtoServiceProducer"></bean>
	
	<dubbo:service interface="com.xinleju.platform.flow.dto.service.MsgSendRecordDtoServiceCustomer"       ref="msgSendRecordDtoServiceProducer" retries="0" timeout="50000" />
	<bean id="msgSendRecordDtoServiceProducer"       class="com.xinleju.platform.flow.dto.service.impl.MsgSendRecordDtoServiceProducer"></bean>
	
</beans>  