<?xml version="1.0" encoding="UTF-8"?>
<beans xmlns="http://www.springframework.org/schema/beans"
       xmlns:xsi="http://www.w3.org/2001/XMLSchema-instance"
       xmlns:dubbo="http://code.alibabatech.com/schema/dubbo"
       xmlns:util="http://www.springframework.org/schema/util"
       xsi:schemaLocation="http://www.springframework.org/schema/beans
	    http://www.springframework.org/schema/beans/spring-beans.xsd
        http://www.springframework.org/schema/util
        http://www.springframework.org/schema/util/spring-util-4.3.xsd
        http://code.alibabatech.com/schema/dubbo
        http://code.alibabatech.com/schema/dubbo/dubbo.xsd
        ">

    <!-- 提供方应用信息，用于计算依赖关系 -->
    <dubbo:application name="oa-portal"/>
    <dubbo:registry protocol="zookeeper" address="#{configuration['zookeeper']}"/>
    <!-- 用dubbo协议在20880端口暴露服务 -->

    <dubbo:protocol name="dubbo" payload="36890459" port="#{configuration['dubbo.port']}"/>
    <!-- portal站点服务提供者  -->
    <dubbo:service interface="com.xinleju.cloud.oa.portal.dto.service.PortalPageDtoServiceCustomer" ref="portalPageDtoServiceProducer" timeout="100000"/>
    <!--  portal站点组件位置服务提供者  -->
    <dubbo:service interface="com.xinleju.cloud.oa.portal.dto.service.PortalComponentPositionDtoServiceCustomer" ref="portalComponentPositionDtoServiceProducer" timeout="100000"/>
    <!--  portal站点权限服务提供者  -->
    <dubbo:service interface="com.xinleju.cloud.oa.portal.dto.service.PortalPagePermisionDtoServiceCustomer" ref="portalPagePermisionDtoServiceProducer" timeout="100000"/>
    <!--  portal站点服务提供者  -->
    <bean id="portalPageDtoServiceProducer" class="com.xinleju.cloud.oa.portal.dto.service.impl.PortalPageDtoServiceProducer" ></bean>
    <!--  portal站点组件位置服务提供者  -->
    <bean id="portalComponentPositionDtoServiceProducer" class="com.xinleju.cloud.oa.portal.dto.service.impl.PortalComponentPositionDtoServiceProducer"></bean>
    <!--  portal站点权限服务提供者  -->
    <bean id="portalPagePermisionDtoServiceProducer" class="com.xinleju.cloud.oa.portal.dto.service.impl.PortalPagePermisionDtoServiceProducer"></bean>
    <!-- 系统管理快速入口服务提供者 -->
    <dubbo:service interface="com.xinleju.cloud.oa.sys.dto.service.SysQuickEntryDtoServiceCustomer" ref="sysQuickEntryDtoServiceProduct" timeout="100000"/>
    <!-- 系统管理导航菜单服务提供者 -->
    <dubbo:service interface="com.xinleju.cloud.oa.sys.dto.service.SysNaviMenuDtoServiceCustomer" ref="sysNaviMenuDtoServiceProduct" timeout="100000"/>
    <!-- 系统管理浮动窗口服务提供者 -->
    <dubbo:service interface="com.xinleju.cloud.oa.sys.dto.service.SysFloatWindowDtoServiceCustomer" ref="sysFloatWindowDtoServiceProduct" timeout="100000"/>
	<!-- 系统管理快速入口服务提供者 -->
	 <bean id="sysQuickEntryDtoServiceProduct" class="com.xinleju.cloud.oa.sys.dto.service.impl.SysQuickEntryDtoServiceProducer"></bean>
	<!-- 系统管理导航菜单服务提供者 -->
	 <bean id="sysNaviMenuDtoServiceProduct" class="com.xinleju.cloud.oa.sys.dto.service.impl.SysNaviMenuDtoServiceProducer"></bean>
	<!-- 系统管理浮动窗口服务提供者 -->
	 <bean id="sysFloatWindowDtoServiceProduct" class="com.xinleju.cloud.oa.sys.dto.service.impl.SysFloatWindowDtoServiceProducer"></bean>



	<!--oa-content-engine迁移过来-->
    <!-- 知识管理权限服务提供者  Start  -->
    <!-- 知识管理权限服务提供者  -->
    <dubbo:service interface="com.xinleju.cloud.oa.content.dto.service.ContentAuthorDtoServiceCustomer" ref="contentAuthorDtoServiceProducer" timeout="100000"/>
    <!-- 知识管理分类服务提供者 -->
    <dubbo:service interface="com.xinleju.cloud.oa.content.dto.service.ContentChildDtoServiceCustomer" ref="contentChildDtoServiceProducer" timeout="100000"/>
    <!-- 知识管理数据服务提供者 -->
    <dubbo:service interface="com.xinleju.cloud.oa.content.dto.service.ContentRowAttributeDtoServiceCustomer" ref="contentRowAttributeDtoServiceProducer" timeout="100000"/>
    <!-- 知识管理属性服务提供者-->
    <dubbo:service interface="com.xinleju.cloud.oa.content.dto.service.ContentRowTypeDtoServiceCustomer" ref="contentRowTypeDtoServiceProducer" timeout="100000"/>
    <!-- 知识管理知识大类服务提供者 -->
    <dubbo:service interface="com.xinleju.cloud.oa.content.dto.service.ContentTypeDtoServiceCustomer" ref="contentTypeDtoServiceProducer" timeout="100000"/>
    <!-- 知识管理属性枚举服务提供者 -->
    <dubbo:service interface="com.xinleju.cloud.oa.content.dto.service.OaEnumPropertiesDtoServiceCustomer" ref="oaEnumPropertiesDtoServiceProducer" timeout="100000"/>
    <!-- oa数据字典服务提供者 -->
    <dubbo:service interface="com.xinleju.cloud.oa.content.dto.service.ContentDictionaryDtoServiceCustomer" ref="contentDictionaryDtoServiceProducer" timeout="100000"/>
    <!-- oa数据字典值服务提供者 -->
    <dubbo:service interface="com.xinleju.cloud.oa.content.dto.service.ContentDictionaryItemDtoServiceCustomer" ref="contentDictionaryItemDtoServiceProducer" timeout="100000"/>
    <!-- oa关联文档-->
    <dubbo:service interface="com.xinleju.cloud.oa.content.dto.service.ContentRowTypeAssociatedDtoServiceCustomer" ref="contentRowTypeAssociatedDtoServiceProducer" timeout="100000"/>
    <!-- 知识管理权限目录服务提供者  -->
    <bean id="contentAuthorDtoServiceProducer" class="com.xinleju.cloud.oa.content.dto.service.impl.ContentAuthorDtoServiceProducer"></bean>
    <bean id="contentChildDtoServiceProducer" class="com.xinleju.cloud.oa.content.dto.service.impl.ContentChildDtoServiceProducer"></bean>
    <bean id="contentRowAttributeDtoServiceProducer" class="com.xinleju.cloud.oa.content.dto.service.impl.ContentRowAttributeDtoServiceProducer"></bean>
    <bean id="contentRowTypeDtoServiceProducer" class="com.xinleju.cloud.oa.content.dto.service.impl.ContentRowTypeDtoServiceProducer"></bean>
    <bean id="contentTypeDtoServiceProducer" class="com.xinleju.cloud.oa.content.dto.service.impl.ContentTypeDtoServiceProducer"></bean>
    <bean id="oaEnumPropertiesDtoServiceProducer" class="com.xinleju.cloud.oa.content.dto.service.impl.OaEnumPropertiesDtoServiceProducer"></bean>
    <bean id="contentDictionaryDtoServiceProducer" class="com.xinleju.cloud.oa.content.dto.service.impl.ContentDictionaryDtoServiceProducer"></bean>
    <bean id="contentDictionaryItemDtoServiceProducer" class="com.xinleju.cloud.oa.content.dto.service.impl.ContentDictionaryItemDtoServiceProducer"></bean>
    <bean id="contentRowTypeAssociatedDtoServiceProducer" class="com.xinleju.cloud.oa.content.dto.service.impl.ContentRowTypeAssociatedDtoServiceProducer"></bean>

    <!--我的快捷菜单-->
    <dubbo:service interface="com.xinleju.cloud.oa.shortcutmenu.dto.service.ShortcutMenuDtoServiceCustomer"  ref="shortcutMenuDtoServiceProducer" timeout="100000"/>
    <bean id="shortcutMenuDtoServiceProducer" class="com.xinleju.cloud.oa.shortcutmenu.dto.service.impl.ShortcutMenuDtoServiceProducer"></bean>

    <!--我的收藏-->
    <dubbo:service interface="com.xinleju.cloud.oa.favorite.dto.service.FavoriteDtoServiceCustomer" ref="favoriteDtoServiceProducer" timeout="100000"/>
    <bean id="favoriteDtoServiceProducer" class="com.xinleju.cloud.oa.favorite.dto.service.impl.FavoriteDtoServiceProducer"></bean>

    <!-- 知识管理权限服务提供者  End  -->

    <!-- 会议模块服务提供者  Start  -->
    <!-- 会议基本信息  -->
    <dubbo:service interface="com.xinleju.cloud.oa.meeting.dto.service.MeetingDtoServiceCustomer" ref="meetingDtoServiceProducer" timeout="1200000"/>
    <!-- 回复记录表  -->
    <dubbo:service interface="com.xinleju.cloud.oa.meeting.dto.service.MeetingReplyDtoServiceCustomer" ref="meetingReplyDtoServiceProducer" timeout="1200000"/>
    <!-- 会议纪要表  -->
    <dubbo:service interface="com.xinleju.cloud.oa.meeting.dto.service.MeetingSummaryDtoServiceCustomer" ref="meetingSummaryDtoServiceProducer" timeout="1200000"/>
    <!-- 会议纪要发布范围表  -->
    <dubbo:service interface="com.xinleju.cloud.oa.meeting.dto.service.MeetingSummaryScopeDtoServiceCustomer" ref="meetingSummaryScopeDtoServiceProducer" timeout="1200000"/>
    <!-- 会议类型表  -->
    <dubbo:service interface="com.xinleju.cloud.oa.meeting.dto.service.MeetingTypeDtoServiceCustomer" ref="meetingTypeDtoServiceProducer" timeout="1200000"/>
    <!-- 会议类型表  -->
    <dubbo:service interface="com.xinleju.cloud.oa.meeting.dto.service.MeetingAgendaDtoServiceCustomer" ref="meetingAgendaDtoServiceProducer" timeout="1200000"/>
    <!-- 会议类型表  -->
    <dubbo:service interface="com.xinleju.cloud.oa.meeting.dto.service.MobileMeetingDtoServiceCustomer" ref="mobileMeetingDtoServiceProducer" timeout="1200000"/>

    <!-- 与会人员表  -->
    <dubbo:service interface="com.xinleju.cloud.oa.meeting.dto.service.MeetingPartnerDtoServiceCustomer" ref="meetingPartnerDtoServiceProducer" timeout="1200000"/>

    <bean id="meetingDtoServiceProducer" class="com.xinleju.cloud.oa.meeting.dto.service.impl.MeetingDtoServiceProducer"></bean>
    <bean id="meetingReplyDtoServiceProducer" class="com.xinleju.cloud.oa.meeting.dto.service.impl.MeetingReplyDtoServiceProducer"></bean>
    <bean id="meetingSummaryDtoServiceProducer" class="com.xinleju.cloud.oa.meeting.dto.service.impl.MeetingSummaryDtoServiceProducer"></bean>
    <bean id="meetingSummaryScopeDtoServiceProducer" class="com.xinleju.cloud.oa.meeting.dto.service.impl.MeetingSummaryScopeDtoServiceProducer"></bean>
    <bean id="meetingTypeDtoServiceProducer" class="com.xinleju.cloud.oa.meeting.dto.service.impl.MeetingTypeDtoServiceProducer"></bean>
    <bean id="meetingAgendaDtoServiceProducer" class="com.xinleju.cloud.oa.meeting.dto.service.impl.MeetingAgendaDtoServiceProducer"></bean>
    <bean id="meetingPartnerDtoServiceProducer" class="com.xinleju.cloud.oa.meeting.dto.service.impl.MeetingPartnerDtoServiceProducer"></bean>
    <bean id="mobileMeetingDtoServiceProducer" class="com.xinleju.cloud.oa.meeting.dto.service.impl.MobileMeetingDtoServiceProducer"></bean>
    <!-- 会议模块服务提供者  End  -->


    <!-- 会议模块服务提供者  Start  -->
    <!--     会议基本信息
        <dubbo:service  interface="com.xinleju.cloud.oa.meetingInfo.dto.service.MeetingDtoServiceCustomer" ref="meetingInfoDtoServiceProducer" timeout="1200000"/>
        与会人员表
        <dubbo:service interface="com.xinleju.cloud.oa.meetingInfo.dto.service.MeetingReplyDtoServiceCustomer" ref="meetingInfoReplyDtoServiceProducer" timeout="1200000"/>
        会议纪要表
        <dubbo:service interface="com.xinleju.cloud.oa.meetingInfo.dto.service.MeetingSummaryDtoServiceCustomer" ref="meetingInfoSummaryDtoServiceProducer" timeout="1200000"/>
        会议纪要发布范围表
        <dubbo:service  interface="com.xinleju.cloud.oa.meetingInfo.dto.service.MeetingSummaryScopeDtoServiceCustomer" ref="meetingInfoSummaryScopeDtoServiceProducer" timeout="1200000"/>
        会议类型表
        <dubbo:service  interface="com.xinleju.cloud.oa.meetingInfo.dto.service.MeetingTypeDtoServiceCustomer" ref="meetingInfoTypeDtoServiceProducer" timeout="1200000"/>

        <bean id="meetingInfoDtoServiceProducer" class="com.xinleju.cloud.oa.meetingInfo.dto.service.impl.MeetingDtoServiceProducer"></bean>
        <bean id="meetingInfoReplyDtoServiceProducer" class="com.xinleju.cloud.oa.meetingInfo.dto.service.impl.MeetingReplyDtoServiceProducer"></bean>
        <bean id="meetingInfoSummaryDtoServiceProducer" class="com.xinleju.cloud.oa.meetingInfo.dto.service.impl.MeetingSummaryDtoServiceProducer"></bean>
        <bean id="meetingInfoSummaryScopeDtoServiceProducer" class="com.xinleju.cloud.oa.meetingInfo.dto.service.impl.MeetingSummaryScopeDtoServiceProducer"></bean>
        <bean id="meetingInfoTypeDtoServiceProducer" class="com.xinleju.cloud.oa.meetingInfo.dto.service.impl.MeetingTypeDtoServiceProducer"></bean>
        会议模块服务提供者  End  -->


    <!-- 办公用品服务提供者   Start  -->
    <!-- 办公用品结存表  -->
    <dubbo:service interface="com.xinleju.cloud.oa.office.dto.service.OfficeInfoDtoServiceCustomer" ref="officeInfoDtoServiceProducer" timeout="1200000"/>
    <!-- 办公用品出库表  -->
    <dubbo:service interface="com.xinleju.cloud.oa.office.dto.service.OfficeGrantRecordDtoServiceCustomer" ref="officeGrantRecordDtoServiceProducer" timeout="1200000"/>
    <!-- 用品分类名称  -->
    <dubbo:service interface="com.xinleju.cloud.oa.office.dto.service.OfficeHouseDtoServiceCustomer" ref="officeHouseDtoServiceProducer" timeout="1200000"/>
    <!-- 办公用品入库表  -->
    <dubbo:service interface="com.xinleju.cloud.oa.office.dto.service.OfficeRecordDtoServiceCustomer" ref="officeRecordDtoServiceProducer" timeout="1200000"/>
    <dubbo:service interface="com.xinleju.cloud.oa.office.dto.service.OfficeOutDtoServiceCustomer" ref="officeOutDtoServiceProducer" timeout="1200000"/>
    <dubbo:service interface="com.xinleju.cloud.oa.office.dto.service.OfficeOutInfoDtoServiceCustomer" ref="officeOutInfoDtoServiceProducer" timeout="1200000"/>
    <!-- 办公用品价格变动表  -->
    <dubbo:service interface="com.xinleju.cloud.oa.office.dto.service.OfficePriceDtoServiceCustomer" ref="officePriceDtoServiceProducer" timeout="1200000"/>


    <bean id="officeGrantRecordDtoServiceProducer" class="com.xinleju.cloud.oa.office.dto.service.impl.OfficeGrantRecordDtoServiceProducer"></bean>
    <bean id="officeHouseDtoServiceProducer" class="com.xinleju.cloud.oa.office.dto.service.impl.OfficeHouseDtoServiceProducer"></bean>
    <bean id="officeInfoDtoServiceProducer" class="com.xinleju.cloud.oa.office.dto.service.impl.OfficeInfoDtoServiceProducer"></bean>
    <bean id="officeRecordDtoServiceProducer" class="com.xinleju.cloud.oa.office.dto.service.impl.OfficeRecordDtoServiceProducer"></bean>
    <bean id="officeOutDtoServiceProducer" class="com.xinleju.cloud.oa.office.dto.service.impl.OfficeOutDtoServiceProducer"></bean>
    <bean id="officeOutInfoDtoServiceProducer" class="com.xinleju.cloud.oa.office.dto.service.impl.OfficeOutInfoDtoServiceProducer"></bean>
    <!-- 办公用品服务提供者  End  -->
    <bean id="officePriceDtoServiceProducer" class="com.xinleju.cloud.oa.office.dto.service.impl.OfficePriceDtoServiceProducer"></bean>

    <!-- 办公用品服务提供者  End  -->

    <!-- 日程事件服务提供者  Start  -->
    <!-- 日程事件具体信息列表 -->
    <dubbo:service interface="com.xinleju.cloud.oa.event.dto.service.CalEventDtoServiceCustomer" ref="calEventDtoServiceProducer" timeout="50000"/>
    <!-- 日程事件安排委派 -->
    <dubbo:service interface="com.xinleju.cloud.oa.event.dto.service.CalEventReceiveDtoServiceCustomer" ref="calEventReceiveDtoServiceProducer" timeout="50000"/>
    <!-- 日程事件安排委托转发信息列表 -->
    <dubbo:service interface="com.xinleju.cloud.oa.event.dto.service.CalEventTranDtoServiceCustomer" ref="calEventTranDtoServiceProducer" timeout="50000"/>
    <!-- 日程事件回复信息列表 -->
    <dubbo:service interface="com.xinleju.cloud.oa.event.dto.service.CalReplyDtoServiceCustomer" ref="calReplyDtoServiceProducer" timeout="50000"/>

    <bean id="calEventDtoServiceProducer" class="com.xinleju.cloud.oa.event.dto.service.impl.CalEventDtoServiceProducer"></bean>
    <bean id="calEventReceiveDtoServiceProducer" class="com.xinleju.cloud.oa.event.dto.service.impl.CalEventReceiveDtoServiceProducer"></bean>
    <bean id="calEventTranDtoServiceProducer" class="com.xinleju.cloud.oa.event.dto.service.impl.CalEventTranDtoServiceProducer"></bean>
    <bean id="calReplyDtoServiceProducer" class="com.xinleju.cloud.oa.event.dto.service.impl.CalReplyDtoServiceProducer"></bean>
    <!-- 日程事件服务提供者  End  -->

    <!-- 论坛管理服务提供者  Start  -->
    <!-- 论坛主题-->
    <dubbo:service interface="com.xinleju.cloud.oa.bbs.dto.service.BbsTopicDtoServiceCustomer" ref="bbsTopicDtoServiceProducer" timeout="50000"/>
    <!-- 论坛版块-->
    <dubbo:service interface="com.xinleju.cloud.oa.bbs.dto.service.BbsForumDtoServiceCustomer" ref="bbsForumDtoServiceProducer" timeout="50000"/>
    <!--  论坛主题回复 -->
    <dubbo:service interface="com.xinleju.cloud.oa.bbs.dto.service.BbsReplyDtoServiceCustomer" ref="bbsReplyDtoServiceProducer" timeout="50000"/>
    <!--  论坛版块权限 -->
    <dubbo:service interface="com.xinleju.cloud.oa.bbs.dto.service.BbsForumPermissionDtoServiceCustomer" ref="bbsForumPermissionDtoServiceProducer" timeout="50000"/>
    <!--  论坛用户 -->
    <dubbo:service interface="com.xinleju.cloud.oa.bbs.dto.service.BbsForumUserDtoServiceCustomer" ref="bbsForumUserDtoServiceProducer" timeout="50000"/>
    <!-- 论坛版块类型-->
    <dubbo:service interface="com.xinleju.cloud.oa.bbs.dto.service.BbsForumTypeDtoServiceCustomer" ref="bbsForumTypeDtoServiceProducer" timeout="50000"/>
    <!--  论坛收藏 -->
    <dubbo:service interface="com.xinleju.cloud.oa.bbs.dto.service.BbsCollectionDtoServiceCustomer" ref="bbsCollectionDtoServiceProducer" timeout="50000"/>
    <!--  论坛收藏夹 -->
    <dubbo:service interface="com.xinleju.cloud.oa.bbs.dto.service.BbsCollectionTypeDtoServiceCustomer" ref="bbsCollectionTypeDtoServiceProducer" timeout="50000"/>
    <!--  论坛积分等级 -->
    <dubbo:service interface="com.xinleju.cloud.oa.bbs.dto.service.BbsGradeDtoServiceCustomer" ref="bbsGradeDtoServiceProducer" timeout="50000"/>


    <bean id="bbsTopicDtoServiceProducer" class="com.xinleju.cloud.oa.bbs.dto.service.impl.BbsTopicDtoServiceProducer"></bean>
    <bean id="bbsForumDtoServiceProducer" class="com.xinleju.cloud.oa.bbs.dto.service.impl.BbsForumDtoServiceProducer"></bean>
    <bean id="bbsReplyDtoServiceProducer" class="com.xinleju.cloud.oa.bbs.dto.service.impl.BbsReplyDtoServiceProducer"></bean>
    <bean id="bbsForumPermissionDtoServiceProducer" class="com.xinleju.cloud.oa.bbs.dto.service.impl.BbsForumPermissionDtoServiceProducer"></bean>
    <bean id="bbsForumUserDtoServiceProducer" class="com.xinleju.cloud.oa.bbs.dto.service.impl.BbsForumUserDtoServiceProducer"></bean>
    <bean id="bbsForumTypeDtoServiceProducer" class="com.xinleju.cloud.oa.bbs.dto.service.impl.BbsForumTypeDtoServiceProducer"></bean>
    <bean id="bbsCollectionDtoServiceProducer" class="com.xinleju.cloud.oa.bbs.dto.service.impl.BbsCollectionDtoServiceProducer"></bean>
    <bean id="bbsCollectionTypeDtoServiceProducer" class="com.xinleju.cloud.oa.bbs.dto.service.impl.BbsCollectionTypeDtoServiceProducer"></bean>
    <bean id="bbsGradeDtoServiceProducer" class="com.xinleju.cloud.oa.bbs.dto.service.impl.BbsGradeDtoServiceProducer"></bean>
    <!-- 讨论管理服务提供者  End  -->

    <!-- 问卷调查 服务提供者  Start  -->
    <!--调查问卷类别-->
    <dubbo:service interface="com.xinleju.cloud.oa.servey.dto.service.ServeyCategoryDtoServiceCustomer" ref="serveyCategoryDtoServiceProducer" timeout="50000"/>
    <!--调查问卷-->
    <dubbo:service interface="com.xinleju.cloud.oa.servey.dto.service.ServeyDtoServiceCustomer" ref="serveyDtoServiceProducer" timeout="50000"/>
    <!--调查问卷参与人/阅读者-->
    <dubbo:service interface="com.xinleju.cloud.oa.servey.dto.service.ServeyPartyDtoServiceCustomer" ref="serveyPartyDtoServiceProducer" timeout="50000"/>
    <!--调查问卷题目-->
    <dubbo:service interface="com.xinleju.cloud.oa.servey.dto.service.ServeyQuestionDtoServiceCustomer" ref="serveyQuestionDtoServiceProducer" timeout="50000"/>
    <!--调查问卷题目选项-->
    <dubbo:service interface="com.xinleju.cloud.oa.servey.dto.service.ServeyQuestionOptionDtoServiceCustomer" ref="serveyQuestionOptionDtoServiceProducer" timeout="50000"/>
    <!--调查问卷题目类型-->
    <dubbo:service interface="com.xinleju.cloud.oa.servey.dto.service.ServeyQuestionTypeDtoServiceCustomer" ref="serveyQuestionTypeDtoServiceProducer" timeout="50000"/>
    <!--调查问卷反馈-->
    <dubbo:service interface="com.xinleju.cloud.oa.servey.dto.service.ServeyResponseDtoServiceCustomer" ref="serveyResponseDtoServiceProducer" timeout="50000"/>
    <!--调查问卷反馈答案-->
    <dubbo:service interface="com.xinleju.cloud.oa.servey.dto.service.ServeyResponseAnswerDtoServiceCustomer" ref="serveyResponseAnswerDtoServiceProducer" timeout="50000"/>
    <!--调查问卷之矩阵问题-->
    <dubbo:service interface="com.xinleju.cloud.oa.servey.dto.service.ServeySubQuestionDtoServiceCustomer" ref="serveySubQuestionDtoServiceProducer" timeout="50000"/>
    <!--问题反馈-->
    <dubbo:service interface="com.xinleju.cloud.oa.feedback.dto.service.FeedBackDtoServiceCustomer" ref="FeedBackDtoServiceProducer" timeout="50000"/>
   
    <bean id="serveyCategoryDtoServiceProducer" class="com.xinleju.cloud.oa.servey.dto.service.impl.ServeyCategoryDtoServiceProducer"></bean>
    <bean id="serveyDtoServiceProducer" class="com.xinleju.cloud.oa.servey.dto.service.impl.ServeyDtoServiceProducer"></bean>
    <bean id="serveyPartyDtoServiceProducer" class="com.xinleju.cloud.oa.servey.dto.service.impl.ServeyPartyDtoServiceProducer"></bean>
    <bean id="serveyQuestionDtoServiceProducer" class="com.xinleju.cloud.oa.servey.dto.service.impl.ServeyQuestionDtoServiceProducer"></bean>
    <bean id="serveyQuestionOptionDtoServiceProducer" class="com.xinleju.cloud.oa.servey.dto.service.impl.ServeyQuestionOptionDtoServiceProducer"></bean>
    <bean id="serveyQuestionTypeDtoServiceProducer" class="com.xinleju.cloud.oa.servey.dto.service.impl.ServeyQuestionTypeDtoServiceProducer"></bean>
    <bean id="serveyResponseDtoServiceProducer" class="com.xinleju.cloud.oa.servey.dto.service.impl.ServeyResponseDtoServiceProducer"></bean>
    <bean id="serveyResponseAnswerDtoServiceProducer" class="com.xinleju.cloud.oa.servey.dto.service.impl.ServeyResponseAnswerDtoServiceProducer"></bean>
    <bean id="serveySubQuestionDtoServiceProducer" class="com.xinleju.cloud.oa.servey.dto.service.impl.ServeySubQuestionDtoServiceProducer"></bean>
    <bean id="FeedBackDtoServiceProducer" class="com.xinleju.cloud.oa.feedback.dto.service.impl.FeedBackDtoServiceProducer"></bean>
    <!-- 问卷调查 服务提供者  End  -->

    <!-- 快速入口 -->
    <dubbo:service interface="com.xinleju.cloud.oa.sys.quick.dto.service.EntryDtoServiceCustomer" ref="entryDtoServiceProducer" retries="0" timeout="50000"/>
    <bean id="entryDtoServiceProducer" class="com.xinleju.cloud.oa.sys.quick.dto.service.impl.EntryDtoServiceProducer"></bean>

    <!-- 我的快速入口 -->
    <dubbo:service interface="com.xinleju.cloud.oa.sys.quick.dto.service.EntryUserDtoServiceCustomer" ref="entryUserDtoServiceProducer" retries="0" timeout="50000"/>
    <bean id="entryUserDtoServiceProducer" class="com.xinleju.cloud.oa.sys.quick.dto.service.impl.EntryUserDtoServiceProducer"></bean>

    <!--常用工具-->
    <dubbo:service interface="com.xinleju.cloud.oa.sys.dto.service.SysCommonToolsDtoServiceCustomer" ref="SysCommonToolsDtoServiceProducer" timeout="50000"/>
    <bean id="SysCommonToolsDtoServiceProducer" class="com.xinleju.cloud.oa.sys.dto.service.impl.SysCommonToolsDtoServiceProducer"></bean>

    <!--日程管理-->
    <dubbo:service interface="com.xinleju.cloud.oa.schedule.dto.service.WorkScheduleDtoServiceCustomer" ref="workScheduleDtoServiceProducer" timeout="50000"/>
    <bean id="workScheduleDtoServiceProducer" class="com.xinleju.cloud.oa.schedule.dto.service.impl.WorkScheduleDtoServiceProducer"></bean>
    <!--任务包-->
    <dubbo:service interface="com.xinleju.cloud.oa.schedule.dto.service.TaskPackageDtoServiceCustomer" ref="taskPackageDtoServiceProducer" timeout="50000"/>
    <bean id="taskPackageDtoServiceProducer" class="com.xinleju.cloud.oa.schedule.dto.service.impl.TaskPackageDtoServiceProducer"></bean>

    <!--任务包分发-->
    <dubbo:service interface="com.xinleju.cloud.oa.schedule.dto.service.TaskPackageDispatchDtoServiceCustomer" ref="taskPackageDispatchDtoServiceProducer" timeout="50000"/>
    <bean id="taskPackageDispatchDtoServiceProducer" class="com.xinleju.cloud.oa.schedule.dto.service.impl.TaskPackageDispatchDtoServiceProducer"></bean>

    <!--链接中心-->
    <dubbo:service interface="com.xinleju.cloud.oa.sys.dto.service.SysLinkCenterDtoServiceCustomer" ref="SysLinkCenterDtoServiceProducer" timeout="50000"/>
    <bean id="SysLinkCenterDtoServiceProducer" class="com.xinleju.cloud.oa.sys.dto.service.impl.SysLinkCenterDtoServiceProducer"></bean>


    <dubbo:provider filter="DubboServiceFilter"></dubbo:provider>
</beans>