<?xml version="1.0" encoding="UTF-8"?>
<beans xmlns="http://www.springframework.org/schema/beans"
       xmlns:xsi="http://www.w3.org/2001/XMLSchema-instance"
       xmlns:dubbo="http://code.alibabatech.com/schema/dubbo"
       xmlns:util="http://www.springframework.org/schema/util"
       xsi:schemaLocation="http://www.springframework.org/schema/beans
	    http://www.springframework.org/schema/beans/spring-beans.xsd
        http://www.springframework.org/schema/util
        http://www.springframework.org/schema/util/spring-util-4.3.xsd
        http://code.alibabatech.com/schema/dubbo
        http://code.alibabatech.com/schema/dubbo/dubbo.xsd
        ">

    <!-- 提供方应用信息，用于计算依赖关系 -->
    <dubbo:application name="platform-sysManager"/>

    <dubbo:registry protocol="zookeeper" address="#{configuration['zookeeper']}"/>
    <!-- 用dubbo协议在20880端口暴露服务 -->

    <dubbo:protocol name="dubbo" port="#{configuration['dubbo.port']}"/>
    <!-- 系统管理快速入口服务提供者 -->
    <dubbo:service interface="com.xinleju.cloud.oa.sys.dto.service.SysQuickEntryDtoServiceCustomer"
                   ref="sysQuickEntryDtoServiceProduct"/>  
    <!-- 系统管理导航菜单服务提供者 -->
    <dubbo:service interface="com.xinleju.cloud.oa.sys.dto.service.SysNaviMenuDtoServiceCustomer"
                   ref="sysNaviMenuDtoServiceProduct"/> 
    <!-- 系统管理浮动窗口服务提供者 -->
    <dubbo:service interface="com.xinleju.cloud.oa.sys.dto.service.SysFloatWindowDtoServiceCustomer"
                   ref="sysFloatWindowDtoServiceProduct"/>     
	<!-- 系统管理快速入口服务提供者 -->
	 <bean id="sysQuickEntryDtoServiceProduct"
          class="com.xinleju.cloud.oa.sys.dto.service.impl.SysQuickEntryDtoServiceProducer"></bean>
	<!-- 系统管理导航菜单服务提供者 -->
	 <bean id="sysNaviMenuDtoServiceProduct"
          class="com.xinleju.cloud.oa.sys.dto.service.impl.SysNaviMenuDtoServiceProducer"></bean>
	<!-- 系统管理浮动窗口服务提供者 -->
	 <bean id="sysFloatWindowDtoServiceProduct"
          class="com.xinleju.cloud.oa.sys.dto.service.impl.SysFloatWindowDtoServiceProducer"></bean>
	
    <dubbo:provider filter="DubboServiceFilter"></dubbo:provider>
</beans>