<?xml version="1.0" encoding="UTF-8"?>
<beans xmlns="http://www.springframework.org/schema/beans"
	xmlns:xsi="http://www.w3.org/2001/XMLSchema-instance" 
	xmlns:dubbo="http://code.alibabatech.com/schema/dubbo"
	xmlns:util="http://www.springframework.org/schema/util"
	xsi:schemaLocation="http://www.springframework.org/schema/beans 
	    http://www.springframework.org/schema/beans/spring-beans.xsd
        http://www.springframework.org/schema/util 
        http://www.springframework.org/schema/util/spring-util-4.3.xsd
        http://code.alibabatech.com/schema/dubbo          
        http://code.alibabatech.com/schema/dubbo/dubbo.xsd
        ">
	<!--&lt;!&ndash; attachment:附件信息服务消费者 &ndash;&gt;
	<dubbo:reference id="attachmentDtoServiceCustomer"  check="false"  retries="0" timeout="5000" interface="com.xinleju.platform.univ.attachment.dto.service.AttachmentDtoServiceCustomer" />
-->
	<!-- 资源服务消费者 -->
	<dubbo:reference id="resourceDtoServiceCustomer" check="false" interface="com.xinleju.platform.sys.res.dto.service.ResourceDtoServiceCustomer" />
	<!-- 操作点服务消费者 -->
	<dubbo:reference id="operationDtoServiceCustomer" check="false" interface="com.xinleju.platform.sys.res.dto.service.OperationDtoServiceCustomer" />
	<!-- 资源服务消费者 -->
	<dubbo:reference id="orgnazationDtoServiceCustomer" check="false" interface="com.xinleju.platform.sys.org.dto.service.OrgnazationDtoServiceCustomer" />
	<!-- 资源服务消费者 -->
	<dubbo:reference id="orgnazationOutServiceCustomer" check="false" interface="com.xinleju.platform.out.app.org.service.OrgnazationOutServiceCustomer" timeout="100000"/>
	<!--按钮授权服务消费者-->
	<dubbo:reference id="funcPermissionDtoServiceCustomer" check="false" interface="com.xinleju.platform.sys.res.dto.service.FuncPermissionDtoServiceCustomer" timeout="100000"/>
	<!--数据授权服务消费者-->
	<dubbo:reference id="dataPointDtoServiceCustomer" check="false" interface="com.xinleju.platform.sys.res.dto.service.DataPointDtoServiceCustomer" timeout="100000"/>

	<!-- search:索引表服务消费者 -->
	<!-- <dubbo:reference id="searchIndexDtoServiceCustomer" interface="com.xinleju.platform.univ.search.dto.service.SearchIndexDtoServiceCustomer" /> -->

	<!-- 邮箱短信统一接口-->
	<dubbo:reference id="userDtoServiceCustomer" check="false" interface="com.xinleju.platform.sys.org.dto.service.UserDtoServiceCustomer"/>
	<!-- 邮箱短信统一接口-->
	<dubbo:reference id="mailMsgDtoServiceCustomer" check="false" interface="com.xinleju.platform.sys.notice.dto.service.MailMsgDtoServiceCustomer" timeout="100000"/>

	<dubbo:reference id="sysNoticePhoneMsgDtoServiceCustomer" check="false" interface="com.xinleju.platform.sys.notice.dto.service.SysNoticePhoneMsgDtoServiceCustomer" timeout="100000"/>

	<!-- 创建索引-->
	<dubbo:reference id="searchIndexDtoServiceCustomer" check="false" interface="com.xinleju.platform.univ.search.dto.service.SearchIndexDtoServiceCustomer" />


	<!-- 组件服务消费者  componentCategoryDtoServiceCustomer-->
	<dubbo:reference retries="1" timeout="5000" id="componentCategoryDtoServiceCustomer" check="false" interface="com.xinleju.platform.portal.dto.service.ComponentCategoryDtoServiceCustomer"/>
	<dubbo:reference retries="1" timeout="5000" id="componentDtoServiceCustomer" check="false" interface="com.xinleju.platform.portal.dto.service.ComponentDtoServiceCustomer"/>


	<!-- 流程推送待办-->
	<dubbo:reference id="sysNoticeMsgDtoServiceCustomer" check="false" interface="com.xinleju.platform.flow.dto.service.SysNoticeMsgDtoServiceCustomer"/>

	<!-- attachment:附件信息服务消费者 -->
	<dubbo:reference id="attachmentDtoServiceCustomer"  check="false"  retries="0" timeout="5000" interface="com.xinleju.platform.univ.attachment.dto.service.AttachmentDtoServiceCustomer" />

	<!-- attachment:临时附件信息服务消费者 -->
	<dubbo:reference id="attachmentTempDtoServiceCustomer"  check="false"  retries="0" timeout="5000" interface="com.xinleju.platform.univ.attachment.dto.service.AttachmentTempDtoServiceCustomer" />

	<!---->
	<dubbo:reference id="shortcutMenuDtoServiceCustomer"  check="false"  retries="0" timeout="5000" interface="com.xinleju.cloud.oa.shortcutmenu.dto.service.ShortcutMenuDtoServiceCustomer" />

</beans>  