<?xml version="1.0" encoding="UTF-8"?>
<!DOCTYPE mapper   
    PUBLIC "-//mybatis.org//DTD Mapper 3.0//EN"   
    "http://mybatis.org/dtd/mybatis-3-mapper.dtd">
<mapper namespace="com.xinleju.cloud.oa.office.entity.OfficePrice">
	<!-- 新增 -->
	<insert id="save">
		${value}
	</insert>
	<!-- 修改根据Id -->
	<update id="update">
		${value}
	</update>
	<!-- 伪删除根据Id -->
	<update id="deletePseudoObjectById">
		${value}
	</update>
	<!-- 批量伪删除根据Id -->
	<update id="deletePseudoAllObjectByIds">
		${value}
	</update>
	<!-- 删除根据Id -->
	<delete id="deleteById">
		${value}
	</delete>
	<!-- 批量删除根据Id -->
	<delete id="deleteBatchByIds">
		${value}
	</delete>
	<!-- 获取单个对象，根据Id-->
	<select id="get" resultType="com.xinleju.cloud.oa.office.entity.OfficePrice">
		${value}
	</select>
	<!-- 获取列表根据Map查询 -->
	<select id="queryList" resultType="com.xinleju.cloud.oa.office.entity.OfficePrice">
		${value}
	</select>
	<!-- 获取分页根据Map查询 -->
	<select id="queryPageList" resultType="com.xinleju.cloud.oa.office.entity.OfficePrice">
		${value}
	</select>
	<!-- 获取总记录数 -->
	<select id="queryCount" resultType="java.lang.Integer">
		${value}
	</select>
	<!-- 获取总记录数 -->
	<select id="getOfficePriceCount" resultType="java.lang.Integer">
	  select count(t.id) from oa_office_price t where t.delflag=0 	
	  <if test="stockInfoId!=null and stockInfoId!=''">
		and t.stock_info_id=#{stockInfoId} 
	</if>
	</select>
	<!-- 获取总记录数 -->
	<select id="getOfficePricePage" resultType="com.xinleju.cloud.oa.office.entity.OfficePrice">
		SELECT
	t.id,
	t.concurrency_version as concurrencyVersion,
	t.create_company_id  as createCompanyId,
	t.create_company_name AS createCompanyName,
	t.create_date as createDate,
	t.create_org_id as createOrgId,
	t.create_org_name as createOrgName,
	t.create_person_id as createPersonId,
	t.create_person_name as createPersonName,
	t.delflag,
	t.in_price as inPrice,
	t.metering_unit as meteringUnit,
	t.stock_brand as stockBrand,
	t.stock_info_id as  stockInfoId,
	t.stock_name as stockName,
	t.stock_specifications as stockSpecifications,
	t.tend_id as tendId,
	t.update_date as updateDate,
	t.update_person_id as updatePersonId,
	t.update_person_name as updatePersonName
FROM
	oa_office_price t where t.delflag=0
	<if test="stockInfoId!=null and stockInfoId!=''">
	 and t.stock_info_id=#{stockInfoId}
	</if>
	order by t.create_date desc
	 limit #{start},#{limit}
	
	</select>
</mapper>