<?xml version="1.0" encoding="UTF-8"?>
<!DOCTYPE mapper   
    PUBLIC "-//mybatis.org//DTD Mapper 3.0//EN"   
    "http://mybatis.org/dtd/mybatis-3-mapper.dtd">
<mapper namespace="com.xinleju.cloud.oa.office.entity.OfficeRecord">
	<!-- 新增 -->
	<insert id="save">
		${value}
	</insert>
	<!-- 修改根据Id -->
	<update id="update">
		${value}
	</update>
	<!-- 删除根据Id -->
	<delete id="deleteById">
		${value}
	</delete>
	<!-- 批量删除根据Id -->
	<delete id="deleteBatchByIds">
		${value}
	</delete>
	<!-- 获取单个对象，根据Id-->
	<select id="get" resultType="com.xinleju.cloud.oa.office.entity.OfficeRecord">
		${value}
	</select>
	<!-- 获取列表根据Map查询 -->
	<select id="queryList" resultType="com.xinleju.cloud.oa.office.entity.OfficeRecord">
		${value}
	</select>
	<!-- 获取分页根据Map查询 -->
	<select id="queryPageList" resultType="com.xinleju.cloud.oa.office.entity.OfficeRecord">
		${value}
	</select>
	<!-- 获取总记录数 -->
	<select id="queryCount" resultType="java.lang.Integer">
		${value}
	</select>
	
	
	
	<!-- 过滤分页查询 -->
	<select id="getOfficeRecordPage" resultType="java.util.Map" parameterType="java.util.Map">
		SELECT
			t.id,
			t.create_person_id as createPersonId,
			t.create_person_name as createPersonName,
			t.create_org_id as createOrgId,
			t.create_org_name as createOrgName,
			t.create_company_id as createCompanyId,
			t.create_company_name as createCompanyName,
			t.create_date as createDate,
			t.update_person_id as updatePersonId,
			t.update_person_name as updatePersonName,
			t.update_date as updateDate,
			t.delflag as delflag,
			t.concurrency_version as concurrencyVersion,
			t.batch_id as batchId,
			t.stock_info_id as stockInfoId,
			t.stock_num as stockNum,
			t.stock_name as stockName,
			t.stock_specifications as stockSpecifications,
			t.metering_unit as meteringUnit,
			t.stock_brand as stockBrand,
			t.in_count as inCount,
			t.buy_price as buyPrice,
			t.count_money as countMoney,
			t.buy_date as buyDate,
			t.tend_id as tendId,
		    t.house_id as houseId,
  		    h.type_name as typeName
		FROM
			oa_office_record t LEFT JOIN oa_office_house  h ON  t.house_id=h.id where t.delflag=0
		
		<if test="houseName != null and houseName !=''">     
          	and  h.type_name like CONCAT(CONCAT('%',#{houseName}),'%')
        </if>
		<if test="houseId != null and houseId !=''">     
          	and  t.house_id =#{houseId}
        </if>
		<if test="stockInfoId != null and stockInfoId !=''">     
          	and  t.stock_info_id =#{stockInfoId}
        </if>
		 <if test="stockName != null and stockName !=''">     
          	and  t.stock_name like CONCAT(CONCAT('%',#{stockName}),'%')
        </if>
		<if test="stockNum != null and stockNum !=''">     
          	and  t.stock_num like CONCAT(CONCAT('%',#{stockNum}),'%')
        </if>
       order by t.create_date desc
       
         limit #{start},#{limit}
	</select>
	
	<!-- 过滤查询条数 -->
	<select id="getOfficeRecordCount" resultType="java.lang.Integer" parameterType="java.util.Map">
		SELECT
			count(t.id)
		FROM
			oa_office_record t LEFT JOIN oa_office_house  h ON  t.house_id=h.id where t.delflag=0
		<if test="houseName != null and houseName !=''">     
          	and  h.type_name like CONCAT(CONCAT('%',#{houseName}),'%')
        </if>
        <if test="houseId != null and houseId !=''">     
          	and  t.house_id =#{houseId}
        </if>
        <if test="stockInfoId != null and stockInfoId !=''">     
          	and  t.stock_info_id =#{stockInfoId}
        </if>
		 <if test="stockName != null and stockName !=''">     
          	and  t.stock_name like CONCAT(CONCAT('%',#{stockName}),'%')
        </if>
		<if test="stockNum != null and stockNum !=''">     
          	and  t.stock_num like CONCAT(CONCAT('%',#{stockNum}),'%')
        </if>
	</select>
	
	
	
</mapper>