<?xml version="1.0" encoding="UTF-8"?>
<!DOCTYPE mapper   
    PUBLIC "-//mybatis.org//DTD Mapper 3.0//EN"   
    "http://mybatis.org/dtd/mybatis-3-mapper.dtd">
<mapper namespace="com.xinleju.cloud.oa.sys.quick.entity.EntryUser">
	<!-- 新增 -->
	<insert id="save">
		${value}
	</insert>
	<!-- 修改根据Id -->
	<update id="update">
		${value}
	</update>
	<!-- 伪删除根据Id -->
	<update id="deletePseudoObjectById">
		${value}
	</update>
	<!-- 批量伪删除根据Id -->
	<update id="deletePseudoAllObjectByIds">
		${value}
	</update>
	<!-- 删除根据Id -->
	<delete id="deleteById">
		${value}
	</delete>
	<!-- 批量删除根据Id -->
	<delete id="deleteBatchByIds">
		${value}
	</delete>
	<!-- 获取单个对象，根据Id-->
	<select id="get" resultType="com.xinleju.cloud.oa.sys.quick.entity.EntryUser">
		${value}
	</select>
	<!-- 获取列表根据Map查询 -->
	<select id="queryList" resultType="com.xinleju.cloud.oa.sys.quick.entity.EntryUser">
		${value}
	</select>
	<!-- 获取分页根据Map查询 -->
	<select id="queryPageList" resultType="com.xinleju.cloud.oa.sys.quick.entity.EntryUser">
		${value}
	</select>
	<!-- 获取总记录数 -->
	<select id="queryCount" resultType="java.lang.Integer">
		${value}
	</select>
	<!-- 获取表数据根据用户id -->
	<select id="queryListByUserId" resultType="java.util.Map" parameterType="java.util.Map">
		SELECT
			t.id,
			u.id As entryUserId,
			u.user_id As userId,
			u.tend_id As userTendId,
			t.name,
			t.code,
			t.parent_id AS parentId,
			t.icon,
			t.is_inner AS isInner,
			t.resource_id AS resourceId,
			t.resource_name AS resourceName,
			t.url,
			t.status,
			t.sort,
			t.create_date as createDate,
			t.update_date as  updateDate,
			t.create_person_id as createPersonId,
			t.create_person_name as createPersonName,
			t.update_person_id as updatePersonId,
			t.update_person_name as updatePersonName,
			t.create_org_id as createOrgId,
			t.create_org_name as createOrgName,
			t.create_company_id as createCompanyId,
			t.create_company_name as createCompanyName,
			t.concurrency_version as concurrencyVersion,
			t.tend_id as tendId,
			t.delflag
		FROM oa_sys_quick_entry_user u LEFT JOIN oa_sys_quick_entry t ON u.entry_id=t.id
		WHERE 1=1
			<choose>
	        <when test="userId != null">
	             and   u.user_id = #{userId}
	        </when>
	        </choose>
	        <choose>
	        <when test="tendId != null">
	             and   u.tend_id = #{tendId}
	        </when>
	        </choose>
	        and t.status=1
	        and u.delflag=0
            and t.delflag=0  order by t.create_date
	</select>
	<delete id="deleteReally">
		DELETE from oa_sys_quick_entry_user where id=#{id};
	</delete>
	<!-- 获取表数据根据用户id -->
	<select id="queryChildList" resultType="java.util.Map" parameterType="java.util.Map">
		SELECT u.id As entryUserId
		FROM oa_sys_quick_entry_user u LEFT JOIN oa_sys_quick_entry t ON u.entry_id=t.id
		WHERE 1=1
		<choose>
        <when test="userId != null">
             and   u.user_id = #{userId}
        </when>
        </choose>
        <choose>
        <when test="tendId != null">
             and  u.tend_id = #{tendId}
        </when>
        </choose>
        <choose>
        <when test="entryId != null">
             and  (t.parent_id = #{entryId} or t.id = #{entryId})
        </when>
        </choose>
        and t.status=1
        and u.delflag=0
        and t.delflag=0
	</select>
</mapper>